-- This is the Data Twist SQL format file.
-- これは、データツイストSQL形式のファイルです。
-- It is used by Data Twist to create the output file.
-- これは、出力ファイルを作成するためにデータツイストによって使用されます。

SET SQL_MODE="NO_AUTO_VALUE_ON_ZERO";
SET time_zone = "+00:00";


/*!40101 SET @OLD_CHARACTER_SET_CLIENT=@@CHARACTER_SET_CLIENT */;
/*!40101 SET @OLD_CHARACTER_SET_RESULTS=@@CHARACTER_SET_RESULTS */;
/*!40101 SET @OLD_COLLATION_CONNECTION=@@COLLATION_CONNECTION */;
/*!40101 SET NAMES utf8 */;

-- --------------------------------------------------------

--
-- Table structure for table `wp_posts`
--

CREATE TABLE IF NOT EXISTS `wp_posts` (
  `ID` bigint(20) unsigned NOT NULL AUTO_INCREMENT,
  `post_author` bigint(20) unsigned NOT NULL DEFAULT '0',
  `post_date` datetime NOT NULL DEFAULT '0000-00-00 00:00:00',
  `post_date_gmt` datetime NOT NULL DEFAULT '0000-00-00 00:00:00',
  `post_content` longtext NOT NULL,
  `post_title` text NOT NULL,
  `post_excerpt` text NOT NULL,
  `post_status` varchar(20) NOT NULL DEFAULT 'publish',
  `comment_status` varchar(20) NOT NULL DEFAULT 'open',
  `ping_status` varchar(20) NOT NULL DEFAULT 'open',
  `post_password` varchar(20) NOT NULL DEFAULT '',
  `post_name` varchar(200) NOT NULL DEFAULT '',
  `to_ping` text NOT NULL,
  `pinged` text NOT NULL,
  `post_modified` datetime NOT NULL DEFAULT '0000-00-00 00:00:00',
  `post_modified_gmt` datetime NOT NULL DEFAULT '0000-00-00 00:00:00',
  `post_content_filtered` longtext NOT NULL,
  `post_parent` bigint(20) unsigned NOT NULL DEFAULT '0',
  `guid` varchar(255) NOT NULL DEFAULT '',
  `menu_order` int(11) NOT NULL DEFAULT '0',
  `post_type` varchar(20) NOT NULL DEFAULT 'post',
  `post_mime_type` varchar(100) NOT NULL DEFAULT '',
  `comment_count` bigint(20) NOT NULL DEFAULT '0',
  PRIMARY KEY (`ID`),
  KEY `post_name` (`post_name`),
  KEY `type_status_date` (`post_type`,`post_status`,`post_date`,`ID`),
  KEY `post_parent` (`post_parent`),
  KEY `post_author` (`post_author`)
) ENGINE=MyISAM  DEFAULT CHARSET=utf8 AUTO_INCREMENT=14 ;

--
-- Table structure for table `wp_geo_mashup_locations`
--

CREATE TABLE IF NOT EXISTS `wp_geo_mashup_locations` (
  `id` bigint(20) NOT NULL AUTO_INCREMENT,
  `lat` double(11,7) NOT NULL,
  `lng` double(11,7) NOT NULL,
  `address` tinytext,
  `saved_name` varchar(200) DEFAULT NULL,
  `geoname` tinytext,
  `postal_code` tinytext,
  `country_code` varchar(2) DEFAULT NULL,
  `admin_code` varchar(20) DEFAULT NULL,
  `sub_admin_code` varchar(80) DEFAULT NULL,
  `locality_name` tinytext,
  PRIMARY KEY (`id`),
  UNIQUE KEY `latlng` (`lat`,`lng`),
  UNIQUE KEY `saved_name` (`saved_name`),
  KEY `lat` (`lat`),
  KEY `lng` (`lng`)
) ENGINE=MyISAM  DEFAULT CHARSET=utf8 AUTO_INCREMENT=2 ;

--
-- Table structure for table `wp_geo_mashup_location_relationships`
--

CREATE TABLE IF NOT EXISTS `wp_geo_mashup_location_relationships` (
  `object_name` varchar(80) NOT NULL,
  `object_id` bigint(20) NOT NULL,
  `location_id` bigint(20) NOT NULL,
  `geo_date` datetime NOT NULL DEFAULT '0000-00-00 00:00:00',
  PRIMARY KEY (`object_name`,`object_id`,`location_id`),
  KEY `object_name` (`object_name`,`object_id`),
  KEY `object_date_key` (`object_name`,`geo_date`)
) ENGINE=MyISAM DEFAULT CHARSET=utf8;

--
-- Table structure for table `wp_term_relationships`
--

CREATE TABLE IF NOT EXISTS `wp_term_relationships` (
  `object_id` bigint(20) unsigned NOT NULL DEFAULT '0',
  `term_taxonomy_id` bigint(20) unsigned NOT NULL DEFAULT '0',
  `term_order` int(11) NOT NULL DEFAULT '0',
  PRIMARY KEY (`object_id`,`term_taxonomy_id`),
  KEY `term_taxonomy_id` (`term_taxonomy_id`)
) ENGINE=MyISAM DEFAULT CHARSET=utf8;

--
-- Table structure for table `wp_term_taxonomy`
--

CREATE TABLE IF NOT EXISTS `wp_term_taxonomy` (
  `term_taxonomy_id` bigint(20) unsigned NOT NULL AUTO_INCREMENT,
  `term_id` bigint(20) unsigned NOT NULL DEFAULT '0',
  `taxonomy` varchar(32) NOT NULL DEFAULT '',
  `description` longtext NOT NULL,
  `parent` bigint(20) unsigned NOT NULL DEFAULT '0',
  `count` bigint(20) NOT NULL DEFAULT '0',
  PRIMARY KEY (`term_taxonomy_id`),
  UNIQUE KEY `term_id_taxonomy` (`term_id`,`taxonomy`),
  KEY `taxonomy` (`taxonomy`)
) ENGINE=MyISAM  DEFAULT CHARSET=utf8 AUTO_INCREMENT=3 ;

--
-- Table structure for table `wp_terms`
--

CREATE TABLE IF NOT EXISTS `wp_terms` (
  `term_id` bigint(20) unsigned NOT NULL AUTO_INCREMENT,
  `name` varchar(200) NOT NULL DEFAULT '',
  `slug` varchar(200) NOT NULL DEFAULT '',
  `term_group` bigint(10) NOT NULL DEFAULT '0',
  PRIMARY KEY (`term_id`),
  UNIQUE KEY `slug` (`slug`),
  KEY `name` (`name`)
) ENGINE=MyISAM  DEFAULT CHARSET=utf8 AUTO_INCREMENT=3 ;

--
-- Dumping data for table `wp_term_taxonomy`
--

INSERT INTO `wp_term_taxonomy` (`term_taxonomy_id`, `term_id`, `taxonomy`, `description`, `parent`, `count`) VALUES
(1, 1, 'category', '', 0, 1),
(2, 2, 'link_category', '', 0, 7);

--
-- Dumping data for table `wp_terms`
--

INSERT INTO `wp_terms` (`term_id`, `name`, `slug`, `term_group`) VALUES
(1, 'Uncategorized', 'uncategorized', 0),
(2, 'Blogroll', 'blogroll', 0),
(3, 'Shop', 'shop', 0),
(4, 'Amenity', 'amenity', 0);

--
-- Dumping data for table `wp_posts`
--

INSERT INTO `wp_posts` (`ID`, `post_author`, `post_date`, `post_date_gmt`, `post_content`, `post_title`, `post_excerpt`, `post_status`, `comment_status`, `ping_status`, `post_password`, `post_name`, `to_ping`, `pinged`, `post_modified`, `post_modified_gmt`, `post_content_filtered`, `post_parent`, `guid`, `menu_order`, `post_type`, `post_mime_type`, `comment_count`) VALUES
(2, 1, '2013-02-22 14:56:05', '2013-02-22 05:56:05', '[geo_mashup_map]', 'Overview Page', '', 'publish', 'closed', 'closed', '', 'overview-page', '', '', '2013-02-22 14:56:05', '2013-02-22 05:56:05', '', 0, 'http://www.opendawn.com/matsue/?page_id=1985941784', 0, 'page', '', 0),
(1, 1, '2013-02-22 14:58:57', '2013-02-22 05:58:57', 'Welcome to a Data Twist test site. Here be dragons.\r\n<h2>== Get Help ==</h2>\r\nData Twist is an experimental script family to twist Open Data into new shapes.\r\n\r\nThese scripts are designed to take OpenStreetMap XML data and import it into a\r\ngeo-aware version of Wordpress. This allows information like shops and tourist\r\nlocations to quickly populate directories, at least in theory.\r\n\r\nThe initial focus is on allowing OSM website XML downloads, XAPI pulls and\r\nOsmosis node filters from a database to be converted into SQL files that we can\r\nquickly load into a Wordpress install.\r\n\r\nYou can get help at <a href="https://github.com/shanecoughlan/data-twist/">https://github.com/shanecoughlan/data-twist/</a>.', 'About', '', 'publish', 'closed', 'closed', '', 'about', '', '', '2013-02-22 14:58:57', '2013-02-22 05:58:57', '', 0, 'http://www.opendawn.com/matsue/?page_id=1985941786', 0, 'page', '', 0);



--
-- Dumping data for table `wp_posts`
--

INSERT INTO `wp_posts` (`ID`, `post_author`, `post_date`, `post_date_gmt`, `post_content`, `post_title`, `post_excerpt`, `post_status`, `comment_status`, `ping_status`, `post_password`, `post_name`, `to_ping`, `pinged`, `post_modified`, `post_modified_gmt`, `post_content_filtered`, `post_parent`, `guid`, `menu_order`, `post_type`, `post_mime_type`, `comment_count`) VALUES
(257523578, 1, '2010-08-22 18:26:35 ', '2010-08-22 18:26:35 ', '<br/>[geo_mashup_map zoom=16]<br/><small>Geo-data from OpenStreetMap. &copy; OpenStreetMap contributors. OpenStreetMap is <i>open data</i>, licensed under the <a href="http://opendatacommons.org/licenses/odbl/">Open Data Commons Open Database License</a> (ODbL)</small><br/>This entry was last updated: 2010-08-22 18:26:35 ', '松江玉造ＩＣ', '', 'publish', 'open', 'open', '', '257523578', '', '', '2010-08-22 18:26:35 ', '2010-08-22 18:26:35 ', '', 0, 'http://www.opendawn.com/test/geo1/2010/08/22/257523578/', 0, 'post', '', 0),
(265970368, 1, '2012-11-10 12:41:58 ', '2012-11-10 12:41:58 ', '<br/>[geo_mashup_map zoom=16]<br/><small>Geo-data from OpenStreetMap. &copy; OpenStreetMap contributors. OpenStreetMap is <i>open data</i>, licensed under the <a href="http://opendatacommons.org/licenses/odbl/">Open Data Commons Open Database License</a> (ODbL)</small><br/>This entry was last updated: 2012-11-10 12:41:58 ', '乃木', '', 'publish', 'open', 'open', '', '265970368', '', '', '2012-11-10 12:41:58 ', '2012-11-10 12:41:58 ', '', 0, 'http://www.opendawn.com/test/geo1/2012/11/10/265970368/', 0, 'post', '', 0),
(265970626, 1, '2012-11-10 12:42:15 ', '2012-11-10 12:42:15 ', '<br/>[geo_mashup_map zoom=16]<br/><small>Geo-data from OpenStreetMap. &copy; OpenStreetMap contributors. OpenStreetMap is <i>open data</i>, licensed under the <a href="http://opendatacommons.org/licenses/odbl/">Open Data Commons Open Database License</a> (ODbL)</small><br/>This entry was last updated: 2012-11-10 12:42:15 ', '松江 (Matsue)', '', 'publish', 'open', 'open', '', '265970626', '', '', '2012-11-10 12:42:15 ', '2012-11-10 12:42:15 ', '', 0, 'http://www.opendawn.com/test/geo1/2012/11/10/265970626/', 0, 'post', '', 0),
(265971754, 1, '2012-11-10 12:42:20 ', '2012-11-10 12:42:20 ', '<br/>[geo_mashup_map zoom=16]<br/><small>Geo-data from OpenStreetMap. &copy; OpenStreetMap contributors. OpenStreetMap is <i>open data</i>, licensed under the <a href="http://opendatacommons.org/licenses/odbl/">Open Data Commons Open Database License</a> (ODbL)</small><br/>This entry was last updated: 2012-11-10 12:42:20 ', '玉造温泉 (Tamatsukuri-Onsen)', '', 'publish', 'open', 'open', '', '265971754', '', '', '2012-11-10 12:42:20 ', '2012-11-10 12:42:20 ', '', 0, 'http://www.opendawn.com/test/geo1/2012/11/10/265971754/', 0, 'post', '', 0),
(299002445, 1, '2012-09-15 07:59:28 ', '2012-09-15 07:59:28 ', '<br/>[geo_mashup_map zoom=16]<br/><small>Geo-data from OpenStreetMap. &copy; OpenStreetMap contributors. OpenStreetMap is <i>open data</i>, licensed under the <a href="http://opendatacommons.org/licenses/odbl/">Open Data Commons Open Database License</a> (ODbL)</small><br/>This entry was last updated: 2012-09-15 07:59:28 ', '大橋南詰', '', 'publish', 'open', 'open', '', '299002445', '', '', '2012-09-15 07:59:28 ', '2012-09-15 07:59:28 ', '', 0, 'http://www.opendawn.com/test/geo1/2012/09/15/299002445/', 0, 'post', '', 0),
(335654738, 1, '2012-11-10 12:42:15 ', '2012-11-10 12:42:15 ', '<br/>[geo_mashup_map zoom=16]<br/><small>Geo-data from OpenStreetMap. &copy; OpenStreetMap contributors. OpenStreetMap is <i>open data</i>, licensed under the <a href="http://opendatacommons.org/licenses/odbl/">Open Data Commons Open Database License</a> (ODbL)</small><br/>This entry was last updated: 2012-11-10 12:42:15 ', '松江イングリッシュガーデン前', '', 'publish', 'open', 'open', '', '335654738', '', '', '2012-11-10 12:42:15 ', '2012-11-10 12:42:15 ', '', 0, 'http://www.opendawn.com/test/geo1/2012/11/10/335654738/', 0, 'post', '', 0),
(335654931, 1, '2012-11-10 12:42:15 ', '2012-11-10 12:42:15 ', '<br/>[geo_mashup_map zoom=16]<br/><small>Geo-data from OpenStreetMap. &copy; OpenStreetMap contributors. OpenStreetMap is <i>open data</i>, licensed under the <a href="http://opendatacommons.org/licenses/odbl/">Open Data Commons Open Database License</a> (ODbL)</small><br/>This entry was last updated: 2012-11-10 12:42:15 ', '松江しんじ湖温泉', '', 'publish', 'open', 'open', '', '335654931', '', '', '2012-11-10 12:42:15 ', '2012-11-10 12:42:15 ', '', 0, 'http://www.opendawn.com/test/geo1/2012/11/10/335654931/', 0, 'post', '', 0),
(874309680, 1, '2010-08-22 18:26:06 ', '2010-08-22 18:26:06 ', '<br/>[geo_mashup_map zoom=16]<br/><small>Geo-data from OpenStreetMap. &copy; OpenStreetMap contributors. OpenStreetMap is <i>open data</i>, licensed under the <a href="http://opendatacommons.org/licenses/odbl/">Open Data Commons Open Database License</a> (ODbL)</small><br/>This entry was last updated: 2010-08-22 18:26:06 ', '松江玉造ＩＣ', '', 'publish', 'open', 'open', '', '874309680', '', '', '2010-08-22 18:26:06 ', '2010-08-22 18:26:06 ', '', 0, 'http://www.opendawn.com/test/geo1/2010/08/22/874309680/', 0, 'post', '', 0),
(1006278149, 1, '2012-10-27 18:26:59 ', '2012-10-27 18:26:59 ', 'convenience<br/>[geo_mashup_map zoom=16]<br/><small>Geo-data from OpenStreetMap. &copy; OpenStreetMap contributors. OpenStreetMap is <i>open data</i>, licensed under the <a href="http://opendatacommons.org/licenses/odbl/">Open Data Commons Open Database License</a> (ODbL)</small><br/>This entry was last updated: 2012-10-27 18:26:59 ', 'Lawson', '', 'publish', 'open', 'open', '', '1006278149', '', '', '2012-10-27 18:26:59 ', '2012-10-27 18:26:59 ', '', 0, 'http://www.opendawn.com/test/geo1/2012/10/27/1006278149/', 0, 'post', '', 0),
(1009513807, 1, '2010-11-28 00:27:45 ', '2010-11-28 00:27:45 ', '<br/>[geo_mashup_map zoom=16]<br/><small>Geo-data from OpenStreetMap. &copy; OpenStreetMap contributors. OpenStreetMap is <i>open data</i>, licensed under the <a href="http://opendatacommons.org/licenses/odbl/">Open Data Commons Open Database License</a> (ODbL)</small><br/>This entry was last updated: 2010-11-28 00:27:45 ', '青柳楼の大灯籠', '', 'publish', 'open', 'open', '', '1009513807', '', '', '2010-11-28 00:27:45 ', '2010-11-28 00:27:45 ', '', 0, 'http://www.opendawn.com/test/geo1/2010/11/28/1009513807/', 0, 'post', '', 0),
(1009513814, 1, '2010-11-29 06:50:08 ', '2010-11-29 06:50:08 ', '<br/>[geo_mashup_map zoom=16]<br/><small>Geo-data from OpenStreetMap. &copy; OpenStreetMap contributors. OpenStreetMap is <i>open data</i>, licensed under the <a href="http://opendatacommons.org/licenses/odbl/">Open Data Commons Open Database License</a> (ODbL)</small><br/>This entry was last updated: 2010-11-29 06:50:08 ', '島根県立美術館', '', 'publish', 'open', 'open', '', '1009513814', '', '', '2010-11-29 06:50:08 ', '2010-11-29 06:50:08 ', '', 0, 'http://www.opendawn.com/test/geo1/2010/11/29/1009513814/', 0, 'post', '', 0),
(1011980184, 1, '2010-11-29 03:49:34 ', '2010-11-29 03:49:34 ', '<br/>[geo_mashup_map zoom=16]<br/><small>Geo-data from OpenStreetMap. &copy; OpenStreetMap contributors. OpenStreetMap is <i>open data</i>, licensed under the <a href="http://opendatacommons.org/licenses/odbl/">Open Data Commons Open Database License</a> (ODbL)</small><br/>This entry was last updated: 2010-11-29 03:49:34 ', '松江ニューアーバンホテル本館', '', 'publish', 'open', 'open', '', '1011980184', '', '', '2010-11-29 03:49:34 ', '2010-11-29 03:49:34 ', '', 0, 'http://www.opendawn.com/test/geo1/2010/11/29/1011980184/', 0, 'post', '', 0),
(1011980186, 1, '2010-11-29 03:49:34 ', '2010-11-29 03:49:34 ', '<br/>[geo_mashup_map zoom=16]<br/><small>Geo-data from OpenStreetMap. &copy; OpenStreetMap contributors. OpenStreetMap is <i>open data</i>, licensed under the <a href="http://opendatacommons.org/licenses/odbl/">Open Data Commons Open Database License</a> (ODbL)</small><br/>This entry was last updated: 2010-11-29 03:49:34 ', '松江ニューアーバンホテル別館', '', 'publish', 'open', 'open', '', '1011980186', '', '', '2010-11-29 03:49:34 ', '2010-11-29 03:49:34 ', '', 0, 'http://www.opendawn.com/test/geo1/2010/11/29/1011980186/', 0, 'post', '', 0),
(1011980187, 1, '2010-11-29 03:49:35 ', '2010-11-29 03:49:35 ', 'place_of_worship<br/>[geo_mashup_map zoom=16]<br/><small>Geo-data from OpenStreetMap. &copy; OpenStreetMap contributors. OpenStreetMap is <i>open data</i>, licensed under the <a href="http://opendatacommons.org/licenses/odbl/">Open Data Commons Open Database License</a> (ODbL)</small><br/>This entry was last updated: 2010-11-29 03:49:35 ', '須衛都久神社', '', 'publish', 'open', 'open', '', '1011980187', '', '', '2010-11-29 03:49:35 ', '2010-11-29 03:49:35 ', '', 0, 'http://www.opendawn.com/test/geo1/2010/11/29/1011980187/', 0, 'post', '', 0),
(1012028275, 1, '2010-11-29 06:05:59 ', '2010-11-29 06:05:59 ', '<br/>[geo_mashup_map zoom=16]<br/><small>Geo-data from OpenStreetMap. &copy; OpenStreetMap contributors. OpenStreetMap is <i>open data</i>, licensed under the <a href="http://opendatacommons.org/licenses/odbl/">Open Data Commons Open Database License</a> (ODbL)</small><br/>This entry was last updated: 2010-11-29 06:05:59 ', '小泉八雲記念館', '', 'publish', 'open', 'open', '', '1012028275', '', '', '2010-11-29 06:05:59 ', '2010-11-29 06:05:59 ', '', 0, 'http://www.opendawn.com/test/geo1/2010/11/29/1012028275/', 0, 'post', '', 0),
(1012042833, 1, '2010-11-29 06:50:08 ', '2010-11-29 06:50:08 ', 'restaurant<br/>[geo_mashup_map zoom=16]<br/><small>Geo-data from OpenStreetMap. &copy; OpenStreetMap contributors. OpenStreetMap is <i>open data</i>, licensed under the <a href="http://opendatacommons.org/licenses/odbl/">Open Data Commons Open Database License</a> (ODbL)</small><br/>This entry was last updated: 2010-11-29 06:50:08 ', '隠岐料理鶴丸', '', 'publish', 'open', 'open', '', '1012042833', '', '', '2010-11-29 06:50:08 ', '2010-11-29 06:50:08 ', '', 0, 'http://www.opendawn.com/test/geo1/2010/11/29/1012042833/', 0, 'post', '', 0),
(1012042834, 1, '2012-10-27 18:26:59 ', '2012-10-27 18:26:59 ', '<br/>[geo_mashup_map zoom=16]<br/><small>Geo-data from OpenStreetMap. &copy; OpenStreetMap contributors. OpenStreetMap is <i>open data</i>, licensed under the <a href="http://opendatacommons.org/licenses/odbl/">Open Data Commons Open Database License</a> (ODbL)</small><br/>This entry was last updated: 2012-10-27 18:26:59 ', '松江観光案内所', '', 'publish', 'open', 'open', '', '1012042834', '', '', '2012-10-27 18:26:59 ', '2012-10-27 18:26:59 ', '', 0, 'http://www.opendawn.com/test/geo1/2012/10/27/1012042834/', 0, 'post', '', 0),
(1012043015, 1, '2012-09-15 07:59:28 ', '2012-09-15 07:59:28 ', '<br/>[geo_mashup_map zoom=16]<br/><small>Geo-data from OpenStreetMap. &copy; OpenStreetMap contributors. OpenStreetMap is <i>open data</i>, licensed under the <a href="http://opendatacommons.org/licenses/odbl/">Open Data Commons Open Database License</a> (ODbL)</small><br/>This entry was last updated: 2012-09-15 07:59:28 ', '大橋南詰', '', 'publish', 'open', 'open', '', '1012043015', '', '', '2012-09-15 07:59:28 ', '2012-09-15 07:59:28 ', '', 0, 'http://www.opendawn.com/test/geo1/2012/09/15/1012043015/', 0, 'post', '', 0),
(1022974862, 1, '2010-12-05 16:16:21 ', '2010-12-05 16:16:21 ', 'fast_food<br/>[geo_mashup_map zoom=16]<br/><small>Geo-data from OpenStreetMap. &copy; OpenStreetMap contributors. OpenStreetMap is <i>open data</i>, licensed under the <a href="http://opendatacommons.org/licenses/odbl/">Open Data Commons Open Database License</a> (ODbL)</small><br/>This entry was last updated: 2010-12-05 16:16:21 ', 'ケンタッキーフライドチキン', '', 'publish', 'open', 'open', '', '1022974862', '', '', '2010-12-05 16:16:21 ', '2010-12-05 16:16:21 ', '', 0, 'http://www.opendawn.com/test/geo1/2010/12/05/1022974862/', 0, 'post', '', 0),
(1022975588, 1, '2010-12-05 16:16:44 ', '2010-12-05 16:16:44 ', 'fast_food<br/>[geo_mashup_map zoom=16]<br/><small>Geo-data from OpenStreetMap. &copy; OpenStreetMap contributors. OpenStreetMap is <i>open data</i>, licensed under the <a href="http://opendatacommons.org/licenses/odbl/">Open Data Commons Open Database License</a> (ODbL)</small><br/>This entry was last updated: 2010-12-05 16:16:44 ', 'マクドナルド', '', 'publish', 'open', 'open', '', '1022975588', '', '', '2010-12-05 16:16:44 ', '2010-12-05 16:16:44 ', '', 0, 'http://www.opendawn.com/test/geo1/2010/12/05/1022975588/', 0, 'post', '', 0),
(1423607996, 1, '2011-09-05 03:02:01 ', '2011-09-05 03:02:01 ', 'kindergarten<br/>[geo_mashup_map zoom=16]<br/><small>Geo-data from OpenStreetMap. &copy; OpenStreetMap contributors. OpenStreetMap is <i>open data</i>, licensed under the <a href="http://opendatacommons.org/licenses/odbl/">Open Data Commons Open Database License</a> (ODbL)</small><br/>This entry was last updated: 2011-09-05 03:02:01 ', 'こばと保育園', '', 'publish', 'open', 'open', '', '1423607996', '', '', '2011-09-05 03:02:01 ', '2011-09-05 03:02:01 ', '', 0, 'http://www.opendawn.com/test/geo1/2011/09/05/1423607996/', 0, 'post', '', 0),
(1423608016, 1, '2011-09-05 03:02:05 ', '2011-09-05 03:02:05 ', 'kindergarten<br/>[geo_mashup_map zoom=16]<br/><small>Geo-data from OpenStreetMap. &copy; OpenStreetMap contributors. OpenStreetMap is <i>open data</i>, licensed under the <a href="http://opendatacommons.org/licenses/odbl/">Open Data Commons Open Database License</a> (ODbL)</small><br/>This entry was last updated: 2011-09-05 03:02:05 ', 'しらとり保育所', '', 'publish', 'open', 'open', '', '1423608016', '', '', '2011-09-05 03:02:05 ', '2011-09-05 03:02:05 ', '', 0, 'http://www.opendawn.com/test/geo1/2011/09/05/1423608016/', 0, 'post', '', 0),
(1423608017, 1, '2011-09-05 03:02:05 ', '2011-09-05 03:02:05 ', 'kindergarten<br/>[geo_mashup_map zoom=16]<br/><small>Geo-data from OpenStreetMap. &copy; OpenStreetMap contributors. OpenStreetMap is <i>open data</i>, licensed under the <a href="http://opendatacommons.org/licenses/odbl/">Open Data Commons Open Database License</a> (ODbL)</small><br/>This entry was last updated: 2011-09-05 03:02:05 ', 'しらゆり保育園', '', 'publish', 'open', 'open', '', '1423608017', '', '', '2011-09-05 03:02:05 ', '2011-09-05 03:02:05 ', '', 0, 'http://www.opendawn.com/test/geo1/2011/09/05/1423608017/', 0, 'post', '', 0),
(1423608018, 1, '2011-09-05 03:02:05 ', '2011-09-05 03:02:05 ', 'kindergarten<br/>[geo_mashup_map zoom=16]<br/><small>Geo-data from OpenStreetMap. &copy; OpenStreetMap contributors. OpenStreetMap is <i>open data</i>, licensed under the <a href="http://opendatacommons.org/licenses/odbl/">Open Data Commons Open Database License</a> (ODbL)</small><br/>This entry was last updated: 2011-09-05 03:02:05 ', 'しらゆり千鳥保育園', '', 'publish', 'open', 'open', '', '1423608018', '', '', '2011-09-05 03:02:05 ', '2011-09-05 03:02:05 ', '', 0, 'http://www.opendawn.com/test/geo1/2011/09/05/1423608018/', 0, 'post', '', 0),
(1423608022, 1, '2011-09-05 03:02:06 ', '2011-09-05 03:02:06 ', 'kindergarten<br/>[geo_mashup_map zoom=16]<br/><small>Geo-data from OpenStreetMap. &copy; OpenStreetMap contributors. OpenStreetMap is <i>open data</i>, licensed under the <a href="http://opendatacommons.org/licenses/odbl/">Open Data Commons Open Database License</a> (ODbL)</small><br/>This entry was last updated: 2011-09-05 03:02:06 ', 'しらゆり第３保育園', '', 'publish', 'open', 'open', '', '1423608022', '', '', '2011-09-05 03:02:06 ', '2011-09-05 03:02:06 ', '', 0, 'http://www.opendawn.com/test/geo1/2011/09/05/1423608022/', 0, 'post', '', 0),
(1423608037, 1, '2011-09-05 03:02:09 ', '2011-09-05 03:02:09 ', 'kindergarten<br/>[geo_mashup_map zoom=16]<br/><small>Geo-data from OpenStreetMap. &copy; OpenStreetMap contributors. OpenStreetMap is <i>open data</i>, licensed under the <a href="http://opendatacommons.org/licenses/odbl/">Open Data Commons Open Database License</a> (ODbL)</small><br/>This entry was last updated: 2011-09-05 03:02:09 ', 'たまち保育園', '', 'publish', 'open', 'open', '', '1423608037', '', '', '2011-09-05 03:02:09 ', '2011-09-05 03:02:09 ', '', 0, 'http://www.opendawn.com/test/geo1/2011/09/05/1423608037/', 0, 'post', '', 0),
(1423608049, 1, '2011-09-05 03:02:11 ', '2011-09-05 03:02:11 ', 'kindergarten<br/>[geo_mashup_map zoom=16]<br/><small>Geo-data from OpenStreetMap. &copy; OpenStreetMap contributors. OpenStreetMap is <i>open data</i>, licensed under the <a href="http://opendatacommons.org/licenses/odbl/">Open Data Commons Open Database License</a> (ODbL)</small><br/>This entry was last updated: 2011-09-05 03:02:11 ', 'なかよし保育園', '', 'publish', 'open', 'open', '', '1423608049', '', '', '2011-09-05 03:02:11 ', '2011-09-05 03:02:11 ', '', 0, 'http://www.opendawn.com/test/geo1/2011/09/05/1423608049/', 0, 'post', '', 0),
(1423608080, 1, '2011-09-05 03:02:16 ', '2011-09-05 03:02:16 ', 'kindergarten<br/>[geo_mashup_map zoom=16]<br/><small>Geo-data from OpenStreetMap. &copy; OpenStreetMap contributors. OpenStreetMap is <i>open data</i>, licensed under the <a href="http://opendatacommons.org/licenses/odbl/">Open Data Commons Open Database License</a> (ODbL)</small><br/>This entry was last updated: 2011-09-05 03:02:16 ', 'ふたば保育所', '', 'publish', 'open', 'open', '', '1423608080', '', '', '2011-09-05 03:02:16 ', '2011-09-05 03:02:16 ', '', 0, 'http://www.opendawn.com/test/geo1/2011/09/05/1423608080/', 0, 'post', '', 0),
(1423608099, 1, '2011-09-05 03:02:20 ', '2011-09-05 03:02:20 ', 'kindergarten<br/>[geo_mashup_map zoom=16]<br/><small>Geo-data from OpenStreetMap. &copy; OpenStreetMap contributors. OpenStreetMap is <i>open data</i>, licensed under the <a href="http://opendatacommons.org/licenses/odbl/">Open Data Commons Open Database License</a> (ODbL)</small><br/>This entry was last updated: 2011-09-05 03:02:20 ', 'みずうみ保育園', '', 'publish', 'open', 'open', '', '1423608099', '', '', '2011-09-05 03:02:20 ', '2011-09-05 03:02:20 ', '', 0, 'http://www.opendawn.com/test/geo1/2011/09/05/1423608099/', 0, 'post', '', 0),
(1423608102, 1, '2011-09-05 03:02:20 ', '2011-09-05 03:02:20 ', 'kindergarten<br/>[geo_mashup_map zoom=16]<br/><small>Geo-data from OpenStreetMap. &copy; OpenStreetMap contributors. OpenStreetMap is <i>open data</i>, licensed under the <a href="http://opendatacommons.org/licenses/odbl/">Open Data Commons Open Database License</a> (ODbL)</small><br/>This entry was last updated: 2011-09-05 03:02:20 ', 'みつき保育園', '', 'publish', 'open', 'open', '', '1423608102', '', '', '2011-09-05 03:02:20 ', '2011-09-05 03:02:20 ', '', 0, 'http://www.opendawn.com/test/geo1/2011/09/05/1423608102/', 0, 'post', '', 0),
(1423608108, 1, '2011-09-05 03:02:21 ', '2011-09-05 03:02:21 ', 'kindergarten<br/>[geo_mashup_map zoom=16]<br/><small>Geo-data from OpenStreetMap. &copy; OpenStreetMap contributors. OpenStreetMap is <i>open data</i>, licensed under the <a href="http://opendatacommons.org/licenses/odbl/">Open Data Commons Open Database License</a> (ODbL)</small><br/>This entry was last updated: 2011-09-05 03:02:21 ', 'みどり保育所', '', 'publish', 'open', 'open', '', '1423608108', '', '', '2011-09-05 03:02:21 ', '2011-09-05 03:02:21 ', '', 0, 'http://www.opendawn.com/test/geo1/2011/09/05/1423608108/', 0, 'post', '', 0),
(1423608261, 1, '2011-09-05 03:02:48 ', '2011-09-05 03:02:48 ', '<br/>[geo_mashup_map zoom=16]<br/><small>Geo-data from OpenStreetMap. &copy; OpenStreetMap contributors. OpenStreetMap is <i>open data</i>, licensed under the <a href="http://opendatacommons.org/licenses/odbl/">Open Data Commons Open Database License</a> (ODbL)</small><br/>This entry was last updated: 2011-09-05 03:02:48 ', 'ルイス・Ｃ．ティファニー庭園美術館', '', 'publish', 'open', 'open', '', '1423608261', '', '', '2011-09-05 03:02:48 ', '2011-09-05 03:02:48 ', '', 0, 'http://www.opendawn.com/test/geo1/2011/09/05/1423608261/', 0, 'post', '', 0),
(1423608385, 1, '2011-09-05 03:03:09 ', '2011-09-05 03:03:09 ', 'public_building<br/>[geo_mashup_map zoom=16]<br/><small>Geo-data from OpenStreetMap. &copy; OpenStreetMap contributors. OpenStreetMap is <i>open data</i>, licensed under the <a href="http://opendatacommons.org/licenses/odbl/">Open Data Commons Open Database License</a> (ODbL)</small><br/>This entry was last updated: 2011-09-05 03:03:09 ', '中国四国管区行政評価局島根行政評価事務所', '', 'publish', 'open', 'open', '', '1423608385', '', '', '2011-09-05 03:03:09 ', '2011-09-05 03:03:09 ', '', 0, 'http://www.opendawn.com/test/geo1/2011/09/05/1423608385/', 0, 'post', '', 0),
(1423608393, 1, '2011-09-05 03:03:10 ', '2011-09-05 03:03:10 ', 'public_building<br/>[geo_mashup_map zoom=16]<br/><small>Geo-data from OpenStreetMap. &copy; OpenStreetMap contributors. OpenStreetMap is <i>open data</i>, licensed under the <a href="http://opendatacommons.org/licenses/odbl/">Open Data Commons Open Database License</a> (ODbL)</small><br/>This entry was last updated: 2011-09-05 03:03:10 ', '中国四国農政局島根農政事務所', '', 'publish', 'open', 'open', '', '1423608393', '', '', '2011-09-05 03:03:10 ', '2011-09-05 03:03:10 ', '', 0, 'http://www.opendawn.com/test/geo1/2011/09/05/1423608393/', 0, 'post', '', 0),
(1423608396, 1, '2011-09-05 03:03:11 ', '2011-09-05 03:03:11 ', 'public_building<br/>[geo_mashup_map zoom=16]<br/><small>Geo-data from OpenStreetMap. &copy; OpenStreetMap contributors. OpenStreetMap is <i>open data</i>, licensed under the <a href="http://opendatacommons.org/licenses/odbl/">Open Data Commons Open Database License</a> (ODbL)</small><br/>This entry was last updated: 2011-09-05 03:03:11 ', '中国四国農政局島根農政事務所松江統計・情報センター', '', 'publish', 'open', 'open', '', '1423608396', '', '', '2011-09-05 03:03:11 ', '2011-09-05 03:03:11 ', '', 0, 'http://www.opendawn.com/test/geo1/2011/09/05/1423608396/', 0, 'post', '', 0),
(1423608415, 1, '2011-09-05 03:03:14 ', '2011-09-05 03:03:14 ', 'public_building<br/>[geo_mashup_map zoom=16]<br/><small>Geo-data from OpenStreetMap. &copy; OpenStreetMap contributors. OpenStreetMap is <i>open data</i>, licensed under the <a href="http://opendatacommons.org/licenses/odbl/">Open Data Commons Open Database License</a> (ODbL)</small><br/>This entry was last updated: 2011-09-05 03:03:14 ', '中国地方整備局松江国道事務所', '', 'publish', 'open', 'open', '', '1423608415', '', '', '2011-09-05 03:03:14 ', '2011-09-05 03:03:14 ', '', 0, 'http://www.opendawn.com/test/geo1/2011/09/05/1423608415/', 0, 'post', '', 0),
(1423608426, 1, '2011-09-05 03:03:16 ', '2011-09-05 03:03:16 ', 'public_building<br/>[geo_mashup_map zoom=16]<br/><small>Geo-data from OpenStreetMap. &copy; OpenStreetMap contributors. OpenStreetMap is <i>open data</i>, licensed under the <a href="http://opendatacommons.org/licenses/odbl/">Open Data Commons Open Database License</a> (ODbL)</small><br/>This entry was last updated: 2011-09-05 03:03:16 ', '中国運輸局島根運輸支局', '', 'publish', 'open', 'open', '', '1423608426', '', '', '2011-09-05 03:03:16 ', '2011-09-05 03:03:16 ', '', 0, 'http://www.opendawn.com/test/geo1/2011/09/05/1423608426/', 0, 'post', '', 0),
(1423608433, 1, '2011-09-05 03:03:17 ', '2011-09-05 03:03:17 ', 'kindergarten<br/>[geo_mashup_map zoom=16]<br/><small>Geo-data from OpenStreetMap. &copy; OpenStreetMap contributors. OpenStreetMap is <i>open data</i>, licensed under the <a href="http://opendatacommons.org/licenses/odbl/">Open Data Commons Open Database License</a> (ODbL)</small><br/>This entry was last updated: 2011-09-05 03:03:17 ', '中央幼稚園', '', 'publish', 'open', 'open', '', '1423608433', '', '', '2011-09-05 03:03:17 ', '2011-09-05 03:03:17 ', '', 0, 'http://www.opendawn.com/test/geo1/2011/09/05/1423608433/', 0, 'post', '', 0),
(1423608437, 1, '2011-09-05 03:03:18 ', '2011-09-05 03:03:18 ', 'public_building<br/>[geo_mashup_map zoom=16]<br/><small>Geo-data from OpenStreetMap. &copy; OpenStreetMap contributors. OpenStreetMap is <i>open data</i>, licensed under the <a href="http://opendatacommons.org/licenses/odbl/">Open Data Commons Open Database License</a> (ODbL)</small><br/>This entry was last updated: 2011-09-05 03:03:18 ', '中小企業金融公庫松江支店', '', 'publish', 'open', 'open', '', '1423608437', '', '', '2011-09-05 03:03:18 ', '2011-09-05 03:03:18 ', '', 0, 'http://www.opendawn.com/test/geo1/2011/09/05/1423608437/', 0, 'post', '', 0),
(1423608468, 1, '2011-09-05 03:03:23 ', '2011-09-05 03:03:23 ', 'kindergarten<br/>[geo_mashup_map zoom=16]<br/><small>Geo-data from OpenStreetMap. &copy; OpenStreetMap contributors. OpenStreetMap is <i>open data</i>, licensed under the <a href="http://opendatacommons.org/licenses/odbl/">Open Data Commons Open Database License</a> (ODbL)</small><br/>This entry was last updated: 2011-09-05 03:03:23 ', '乃木保育所', '', 'publish', 'open', 'open', '', '1423608468', '', '', '2011-09-05 03:03:23 ', '2011-09-05 03:03:23 ', '', 0, 'http://www.opendawn.com/test/geo1/2011/09/05/1423608468/', 0, 'post', '', 0),
(1423608636, 1, '2011-09-05 03:03:47 ', '2011-09-05 03:03:47 ', 'hospital<br/>[geo_mashup_map zoom=16]<br/><small>Geo-data from OpenStreetMap. &copy; OpenStreetMap contributors. OpenStreetMap is <i>open data</i>, licensed under the <a href="http://opendatacommons.org/licenses/odbl/">Open Data Commons Open Database License</a> (ODbL)</small><br/>This entry was last updated: 2011-09-05 03:03:47 ', '仁風会八雲病院', '', 'publish', 'open', 'open', '', '1423608636', '', '', '2011-09-05 03:03:47 ', '2011-09-05 03:03:47 ', '', 0, 'http://www.opendawn.com/test/geo1/2011/09/05/1423608636/', 0, 'post', '', 0),
(1423609114, 1, '2011-09-05 03:04:49 ', '2011-09-05 03:04:49 ', 'kindergarten<br/>[geo_mashup_map zoom=16]<br/><small>Geo-data from OpenStreetMap. &copy; OpenStreetMap contributors. OpenStreetMap is <i>open data</i>, licensed under the <a href="http://opendatacommons.org/licenses/odbl/">Open Data Commons Open Database License</a> (ODbL)</small><br/>This entry was last updated: 2011-09-05 03:04:49 ', '内中原幼稚園', '', 'publish', 'open', 'open', '', '1423609114', '', '', '2011-09-05 03:04:49 ', '2011-09-05 03:04:49 ', '', 0, 'http://www.opendawn.com/test/geo1/2011/09/05/1423609114/', 0, 'post', '', 0),
(1423609240, 1, '2011-09-05 03:05:11 ', '2011-09-05 03:05:11 ', 'public_building<br/>[geo_mashup_map zoom=16]<br/><small>Geo-data from OpenStreetMap. &copy; OpenStreetMap contributors. OpenStreetMap is <i>open data</i>, licensed under the <a href="http://opendatacommons.org/licenses/odbl/">Open Data Commons Open Database License</a> (ODbL)</small><br/>This entry was last updated: 2011-09-05 03:05:11 ', '労働者健康福祉機構島根産業保健推進センター', '', 'publish', 'open', 'open', '', '1423609240', '', '', '2011-09-05 03:05:11 ', '2011-09-05 03:05:11 ', '', 0, 'http://www.opendawn.com/test/geo1/2011/09/05/1423609240/', 0, 'post', '', 0),
(1423609345, 1, '2011-09-05 03:05:25 ', '2011-09-05 03:05:25 ', 'kindergarten<br/>[geo_mashup_map zoom=16]<br/><small>Geo-data from OpenStreetMap. &copy; OpenStreetMap contributors. OpenStreetMap is <i>open data</i>, licensed under the <a href="http://opendatacommons.org/licenses/odbl/">Open Data Commons Open Database License</a> (ODbL)</small><br/>This entry was last updated: 2011-09-05 03:05:25 ', '古志原保育所', '', 'publish', 'open', 'open', '', '1423609345', '', '', '2011-09-05 03:05:25 ', '2011-09-05 03:05:25 ', '', 0, 'http://www.opendawn.com/test/geo1/2011/09/05/1423609345/', 0, 'post', '', 0),
(1423609346, 1, '2011-09-05 03:05:25 ', '2011-09-05 03:05:25 ', 'kindergarten<br/>[geo_mashup_map zoom=16]<br/><small>Geo-data from OpenStreetMap. &copy; OpenStreetMap contributors. OpenStreetMap is <i>open data</i>, licensed under the <a href="http://opendatacommons.org/licenses/odbl/">Open Data Commons Open Database License</a> (ODbL)</small><br/>This entry was last updated: 2011-09-05 03:05:25 ', '古志原幼稚園', '', 'publish', 'open', 'open', '', '1423609346', '', '', '2011-09-05 03:05:25 ', '2011-09-05 03:05:25 ', '', 0, 'http://www.opendawn.com/test/geo1/2011/09/05/1423609346/', 0, 'post', '', 0),
(1423609453, 1, '2011-09-05 03:05:42 ', '2011-09-05 03:05:42 ', 'public_building<br/>[geo_mashup_map zoom=16]<br/><small>Geo-data from OpenStreetMap. &copy; OpenStreetMap contributors. OpenStreetMap is <i>open data</i>, licensed under the <a href="http://opendatacommons.org/licenses/odbl/">Open Data Commons Open Database License</a> (ODbL)</small><br/>This entry was last updated: 2011-09-05 03:05:42 ', '商工組合中央金庫松江支店', '', 'publish', 'open', 'open', '', '1423609453', '', '', '2011-09-05 03:05:42 ', '2011-09-05 03:05:42 ', '', 0, 'http://www.opendawn.com/test/geo1/2011/09/05/1423609453/', 0, 'post', '', 0),
(1423609469, 1, '2011-09-05 03:05:45 ', '2011-09-05 03:05:45 ', 'public_building<br/>[geo_mashup_map zoom=16]<br/><small>Geo-data from OpenStreetMap. &copy; OpenStreetMap contributors. OpenStreetMap is <i>open data</i>, licensed under the <a href="http://opendatacommons.org/licenses/odbl/">Open Data Commons Open Database License</a> (ODbL)</small><br/>This entry was last updated: 2011-09-05 03:05:45 ', '国民生活金融公庫松江支店', '', 'publish', 'open', 'open', '', '1423609469', '', '', '2011-09-05 03:05:45 ', '2011-09-05 03:05:45 ', '', 0, 'http://www.opendawn.com/test/geo1/2011/09/05/1423609469/', 0, 'post', '', 0),
(1423609478, 1, '2011-09-05 03:05:47 ', '2011-09-05 03:05:47 ', 'school<br/>[geo_mashup_map zoom=16]<br/><small>Geo-data from OpenStreetMap. &copy; OpenStreetMap contributors. OpenStreetMap is <i>open data</i>, licensed under the <a href="http://opendatacommons.org/licenses/odbl/">Open Data Commons Open Database License</a> (ODbL)</small><br/>This entry was last updated: 2011-09-05 03:05:47 ', '国立島根大学教育学部附属中学校', '', 'publish', 'open', 'open', '', '1423609478', '', '', '2011-09-05 03:05:47 ', '2011-09-05 03:05:47 ', '', 0, 'http://www.opendawn.com/test/geo1/2011/09/05/1423609478/', 0, 'post', '', 0),
(1423609479, 1, '2011-09-05 03:05:47 ', '2011-09-05 03:05:47 ', 'school<br/>[geo_mashup_map zoom=16]<br/><small>Geo-data from OpenStreetMap. &copy; OpenStreetMap contributors. OpenStreetMap is <i>open data</i>, licensed under the <a href="http://opendatacommons.org/licenses/odbl/">Open Data Commons Open Database License</a> (ODbL)</small><br/>This entry was last updated: 2011-09-05 03:05:47 ', '国立島根大学教育学部附属小学校', '', 'publish', 'open', 'open', '', '1423609479', '', '', '2011-09-05 03:05:47 ', '2011-09-05 03:05:47 ', '', 0, 'http://www.opendawn.com/test/geo1/2011/09/05/1423609479/', 0, 'post', '', 0),
(1423609483, 1, '2011-09-05 03:05:47 ', '2011-09-05 03:05:47 ', 'hospital<br/>[geo_mashup_map zoom=16]<br/><small>Geo-data from OpenStreetMap. &copy; OpenStreetMap contributors. OpenStreetMap is <i>open data</i>, licensed under the <a href="http://opendatacommons.org/licenses/odbl/">Open Data Commons Open Database License</a> (ODbL)</small><br/>This entry was last updated: 2011-09-05 03:05:47 ', '国立病院機構松江病院', '', 'publish', 'open', 'open', '', '1423609483', '', '', '2011-09-05 03:05:47 ', '2011-09-05 03:05:47 ', '', 0, 'http://www.opendawn.com/test/geo1/2011/09/05/1423609483/', 0, 'post', '', 0),
(1423609527, 1, '2011-09-05 03:05:56 ', '2011-09-05 03:05:56 ', 'public_building<br/>[geo_mashup_map zoom=16]<br/><small>Geo-data from OpenStreetMap. &copy; OpenStreetMap contributors. OpenStreetMap is <i>open data</i>, licensed under the <a href="http://opendatacommons.org/licenses/odbl/">Open Data Commons Open Database License</a> (ODbL)</small><br/>This entry was last updated: 2011-09-05 03:05:56 ', '地方公務員災害補償基金島根県支部', '', 'publish', 'open', 'open', '', '1423609527', '', '', '2011-09-05 03:05:56 ', '2011-09-05 03:05:56 ', '', 0, 'http://www.opendawn.com/test/geo1/2011/09/05/1423609527/', 0, 'post', '', 0),
(1423609533, 1, '2011-09-05 03:05:57 ', '2011-09-05 03:05:57 ', 'kindergarten<br/>[geo_mashup_map zoom=16]<br/><small>Geo-data from OpenStreetMap. &copy; OpenStreetMap contributors. OpenStreetMap is <i>open data</i>, licensed under the <a href="http://opendatacommons.org/licenses/odbl/">Open Data Commons Open Database License</a> (ODbL)</small><br/>This entry was last updated: 2011-09-05 03:05:57 ', '城北幼稚園', '', 'publish', 'open', 'open', '', '1423609533', '', '', '2011-09-05 03:05:57 ', '2011-09-05 03:05:57 ', '', 0, 'http://www.opendawn.com/test/geo1/2011/09/05/1423609533/', 0, 'post', '', 0),
(1423609535, 1, '2011-09-05 03:05:57 ', '2011-09-05 03:05:57 ', 'kindergarten<br/>[geo_mashup_map zoom=16]<br/><small>Geo-data from OpenStreetMap. &copy; OpenStreetMap contributors. OpenStreetMap is <i>open data</i>, licensed under the <a href="http://opendatacommons.org/licenses/odbl/">Open Data Commons Open Database License</a> (ODbL)</small><br/>This entry was last updated: 2011-09-05 03:05:57 ', '城東保育所', '', 'publish', 'open', 'open', '', '1423609535', '', '', '2011-09-05 03:05:57 ', '2011-09-05 03:05:57 ', '', 0, 'http://www.opendawn.com/test/geo1/2011/09/05/1423609535/', 0, 'post', '', 0),
(1423609606, 1, '2011-09-05 03:06:09 ', '2011-09-05 03:06:09 ', 'kindergarten<br/>[geo_mashup_map zoom=16]<br/><small>Geo-data from OpenStreetMap. &copy; OpenStreetMap contributors. OpenStreetMap is <i>open data</i>, licensed under the <a href="http://opendatacommons.org/licenses/odbl/">Open Data Commons Open Database License</a> (ODbL)</small><br/>This entry was last updated: 2011-09-05 03:06:09 ', '大庭幼稚園', '', 'publish', 'open', 'open', '', '1423609606', '', '', '2011-09-05 03:06:09 ', '2011-09-05 03:06:09 ', '', 0, 'http://www.opendawn.com/test/geo1/2011/09/05/1423609606/', 0, 'post', '', 0),
(1423609690, 1, '2011-09-05 03:06:23 ', '2011-09-05 03:06:23 ', 'public_building<br/>[geo_mashup_map zoom=16]<br/><small>Geo-data from OpenStreetMap. &copy; OpenStreetMap contributors. OpenStreetMap is <i>open data</i>, licensed under the <a href="http://opendatacommons.org/licenses/odbl/">Open Data Commons Open Database License</a> (ODbL)</small><br/>This entry was last updated: 2011-09-05 03:06:23 ', '大阪管区気象台松江地方気象台', '', 'publish', 'open', 'open', '', '1423609690', '', '', '2011-09-05 03:06:23 ', '2011-09-05 03:06:23 ', '', 0, 'http://www.opendawn.com/test/geo1/2011/09/05/1423609690/', 0, 'post', '', 0),
(1423609855, 1, '2011-09-05 03:06:49 ', '2011-09-05 03:06:49 ', '<br/>[geo_mashup_map zoom=16]<br/><small>Geo-data from OpenStreetMap. &copy; OpenStreetMap contributors. OpenStreetMap is <i>open data</i>, licensed under the <a href="http://opendatacommons.org/licenses/odbl/">Open Data Commons Open Database License</a> (ODbL)</small><br/>This entry was last updated: 2011-09-05 03:06:49 ', '小泉八雲記念館', '', 'publish', 'open', 'open', '', '1423609855', '', '', '2011-09-05 03:06:49 ', '2011-09-05 03:06:49 ', '', 0, 'http://www.opendawn.com/test/geo1/2011/09/05/1423609855/', 0, 'post', '', 0),
(1423611456, 1, '2011-09-05 03:08:05 ', '2011-09-05 03:08:05 ', 'kindergarten<br/>[geo_mashup_map zoom=16]<br/><small>Geo-data from OpenStreetMap. &copy; OpenStreetMap contributors. OpenStreetMap is <i>open data</i>, licensed under the <a href="http://opendatacommons.org/licenses/odbl/">Open Data Commons Open Database License</a> (ODbL)</small><br/>This entry was last updated: 2011-09-05 03:08:05 ', '島根大学教育学部附属幼稚園', '', 'publish', 'open', 'open', '', '1423611456', '', '', '2011-09-05 03:08:05 ', '2011-09-05 03:08:05 ', '', 0, 'http://www.opendawn.com/test/geo1/2011/09/05/1423611456/', 0, 'post', '', 0),
(1423611462, 1, '2011-09-05 03:08:05 ', '2011-09-05 03:08:05 ', 'university<br/>[geo_mashup_map zoom=16]<br/><small>Geo-data from OpenStreetMap. &copy; OpenStreetMap contributors. OpenStreetMap is <i>open data</i>, licensed under the <a href="http://opendatacommons.org/licenses/odbl/">Open Data Commons Open Database License</a> (ODbL)</small><br/>This entry was last updated: 2011-09-05 03:08:05 ', '島根大学（教育学部）', '', 'publish', 'open', 'open', '', '1423611462', '', '', '2011-09-05 03:08:05 ', '2011-09-05 03:08:05 ', '', 0, 'http://www.opendawn.com/test/geo1/2011/09/05/1423611462/', 0, 'post', '', 0),
(1423611507, 1, '2011-09-05 03:08:07 ', '2011-09-05 03:08:07 ', 'public_building<br/>[geo_mashup_map zoom=16]<br/><small>Geo-data from OpenStreetMap. &copy; OpenStreetMap contributors. OpenStreetMap is <i>open data</i>, licensed under the <a href="http://opendatacommons.org/licenses/odbl/">Open Data Commons Open Database License</a> (ODbL)</small><br/>This entry was last updated: 2011-09-05 03:08:07 ', '島根県中央児童相談所', '', 'publish', 'open', 'open', '', '1423611507', '', '', '2011-09-05 03:08:07 ', '2011-09-05 03:08:07 ', '', 0, 'http://www.opendawn.com/test/geo1/2011/09/05/1423611507/', 0, 'post', '', 0),
(1423611543, 1, '2011-09-05 03:08:08 ', '2011-09-05 03:08:08 ', 'townhall<br/>[geo_mashup_map zoom=16]<br/><small>Geo-data from OpenStreetMap. &copy; OpenStreetMap contributors. OpenStreetMap is <i>open data</i>, licensed under the <a href="http://opendatacommons.org/licenses/odbl/">Open Data Commons Open Database License</a> (ODbL)</small><br/>This entry was last updated: 2011-09-05 03:08:08 ', '島根県庁', '', 'publish', 'open', 'open', '', '1423611543', '', '', '2011-09-05 03:08:08 ', '2011-09-05 03:08:08 ', '', 0, 'http://www.opendawn.com/test/geo1/2011/09/05/1423611543/', 0, 'post', '', 0),
(1423611548, 1, '2011-09-05 03:08:08 ', '2011-09-05 03:08:08 ', 'public_building<br/>[geo_mashup_map zoom=16]<br/><small>Geo-data from OpenStreetMap. &copy; OpenStreetMap contributors. OpenStreetMap is <i>open data</i>, licensed under the <a href="http://opendatacommons.org/licenses/odbl/">Open Data Commons Open Database License</a> (ODbL)</small><br/>This entry was last updated: 2011-09-05 03:08:08 ', '島根県東部県民センター', '', 'publish', 'open', 'open', '', '1423611548', '', '', '2011-09-05 03:08:08 ', '2011-09-05 03:08:08 ', '', 0, 'http://www.opendawn.com/test/geo1/2011/09/05/1423611548/', 0, 'post', '', 0),
(1423611583, 1, '2011-09-05 03:08:09 ', '2011-09-05 03:08:09 ', 'public_building<br/>[geo_mashup_map zoom=16]<br/><small>Geo-data from OpenStreetMap. &copy; OpenStreetMap contributors. OpenStreetMap is <i>open data</i>, licensed under the <a href="http://opendatacommons.org/licenses/odbl/">Open Data Commons Open Database License</a> (ODbL)</small><br/>This entry was last updated: 2011-09-05 03:08:09 ', '島根県松江保健所', '', 'publish', 'open', 'open', '', '1423611583', '', '', '2011-09-05 03:08:09 ', '2011-09-05 03:08:09 ', '', 0, 'http://www.opendawn.com/test/geo1/2011/09/05/1423611583/', 0, 'post', '', 0),
(1423611624, 1, '2011-09-05 03:08:11 ', '2011-09-05 03:08:11 ', 'public_building<br/>[geo_mashup_map zoom=16]<br/><small>Geo-data from OpenStreetMap. &copy; OpenStreetMap contributors. OpenStreetMap is <i>open data</i>, licensed under the <a href="http://opendatacommons.org/licenses/odbl/">Open Data Commons Open Database License</a> (ODbL)</small><br/>This entry was last updated: 2011-09-05 03:08:11 ', '島根県消防学校', '', 'publish', 'open', 'open', '', '1423611624', '', '', '2011-09-05 03:08:11 ', '2011-09-05 03:08:11 ', '', 0, 'http://www.opendawn.com/test/geo1/2011/09/05/1423611624/', 0, 'post', '', 0),
(1423611717, 1, '2011-09-05 03:08:14 ', '2011-09-05 03:08:14 ', '<br/>[geo_mashup_map zoom=16]<br/><small>Geo-data from OpenStreetMap. &copy; OpenStreetMap contributors. OpenStreetMap is <i>open data</i>, licensed under the <a href="http://opendatacommons.org/licenses/odbl/">Open Data Commons Open Database License</a> (ODbL)</small><br/>This entry was last updated: 2011-09-05 03:08:14 ', '島根県立博物館', '', 'publish', 'open', 'open', '', '1423611717', '', '', '2011-09-05 03:08:14 ', '2011-09-05 03:08:14 ', '', 0, 'http://www.opendawn.com/test/geo1/2011/09/05/1423611717/', 0, 'post', '', 0),
(1423611735, 1, '2011-09-05 03:08:15 ', '2011-09-05 03:08:15 ', 'library<br/>[geo_mashup_map zoom=16]<br/><small>Geo-data from OpenStreetMap. &copy; OpenStreetMap contributors. OpenStreetMap is <i>open data</i>, licensed under the <a href="http://opendatacommons.org/licenses/odbl/">Open Data Commons Open Database License</a> (ODbL)</small><br/>This entry was last updated: 2011-09-05 03:08:15 ', '島根県立図書館', '', 'publish', 'open', 'open', '', '1423611735', '', '', '2011-09-05 03:08:15 ', '2011-09-05 03:08:15 ', '', 0, 'http://www.opendawn.com/test/geo1/2011/09/05/1423611735/', 0, 'post', '', 0),
(1423611753, 1, '2011-09-05 03:08:16 ', '2011-09-05 03:08:16 ', 'college<br/>[geo_mashup_map zoom=16]<br/><small>Geo-data from OpenStreetMap. &copy; OpenStreetMap contributors. OpenStreetMap is <i>open data</i>, licensed under the <a href="http://opendatacommons.org/licenses/odbl/">Open Data Commons Open Database License</a> (ODbL)</small><br/>This entry was last updated: 2011-09-05 03:08:16 ', '島根県立島根女子短期大学', '', 'publish', 'open', 'open', '', '1423611753', '', '', '2011-09-05 03:08:16 ', '2011-09-05 03:08:16 ', '', 0, 'http://www.opendawn.com/test/geo1/2011/09/05/1423611753/', 0, 'post', '', 0),
(1423611787, 1, '2011-09-05 03:08:17 ', '2011-09-05 03:08:17 ', '<br/>[geo_mashup_map zoom=16]<br/><small>Geo-data from OpenStreetMap. &copy; OpenStreetMap contributors. OpenStreetMap is <i>open data</i>, licensed under the <a href="http://opendatacommons.org/licenses/odbl/">Open Data Commons Open Database License</a> (ODbL)</small><br/>This entry was last updated: 2011-09-05 03:08:17 ', '島根県立美術館', '', 'publish', 'open', 'open', '', '1423611787', '', '', '2011-09-05 03:08:17 ', '2011-09-05 03:08:17 ', '', 0, 'http://www.opendawn.com/test/geo1/2011/09/05/1423611787/', 0, 'post', '', 0),
(1423611846, 1, '2011-09-05 03:08:19 ', '2011-09-05 03:08:19 ', 'school<br/>[geo_mashup_map zoom=16]<br/><small>Geo-data from OpenStreetMap. &copy; OpenStreetMap contributors. OpenStreetMap is <i>open data</i>, licensed under the <a href="http://opendatacommons.org/licenses/odbl/">Open Data Commons Open Database License</a> (ODbL)</small><br/>This entry was last updated: 2011-09-05 03:08:19 ', '島根県警察学校', '', 'publish', 'open', 'open', '', '1423611846', '', '', '2011-09-05 03:08:19 ', '2011-09-05 03:08:19 ', '', 0, 'http://www.opendawn.com/test/geo1/2011/09/05/1423611846/', 0, 'post', '', 0),
(1423611847, 1, '2011-09-05 03:08:19 ', '2011-09-05 03:08:19 ', 'police<br/>[geo_mashup_map zoom=16]<br/><small>Geo-data from OpenStreetMap. &copy; OpenStreetMap contributors. OpenStreetMap is <i>open data</i>, licensed under the <a href="http://opendatacommons.org/licenses/odbl/">Open Data Commons Open Database License</a> (ODbL)</small><br/>This entry was last updated: 2011-09-05 03:08:19 ', '島根県警察本部', '', 'publish', 'open', 'open', '', '1423611847', '', '', '2011-09-05 03:08:19 ', '2011-09-05 03:08:19 ', '', 0, 'http://www.opendawn.com/test/geo1/2011/09/05/1423611847/', 0, 'post', '', 0),
(1423611915, 1, '2011-09-05 03:08:22 ', '2011-09-05 03:08:22 ', 'kindergarten<br/>[geo_mashup_map zoom=16]<br/><small>Geo-data from OpenStreetMap. &copy; OpenStreetMap contributors. OpenStreetMap is <i>open data</i>, licensed under the <a href="http://opendatacommons.org/licenses/odbl/">Open Data Commons Open Database License</a> (ODbL)</small><br/>This entry was last updated: 2011-09-05 03:08:22 ', '嵩見保育所', '', 'publish', 'open', 'open', '', '1423611915', '', '', '2011-09-05 03:08:22 ', '2011-09-05 03:08:22 ', '', 0, 'http://www.opendawn.com/test/geo1/2011/09/05/1423611915/', 0, 'post', '', 0),
(1423611936, 1, '2011-09-05 03:08:23 ', '2011-09-05 03:08:23 ', 'hospital<br/>[geo_mashup_map zoom=16]<br/><small>Geo-data from OpenStreetMap. &copy; OpenStreetMap contributors. OpenStreetMap is <i>open data</i>, licensed under the <a href="http://opendatacommons.org/licenses/odbl/">Open Data Commons Open Database License</a> (ODbL)</small><br/>This entry was last updated: 2011-09-05 03:08:23 ', '川上外科病院', '', 'publish', 'open', 'open', '', '1423611936', '', '', '2011-09-05 03:08:23 ', '2011-09-05 03:08:23 ', '', 0, 'http://www.opendawn.com/test/geo1/2011/09/05/1423611936/', 0, 'post', '', 0),
(1423612241, 1, '2011-09-05 03:08:32 ', '2011-09-05 03:08:32 ', 'kindergarten<br/>[geo_mashup_map zoom=16]<br/><small>Geo-data from OpenStreetMap. &copy; OpenStreetMap contributors. OpenStreetMap is <i>open data</i>, licensed under the <a href="http://opendatacommons.org/licenses/odbl/">Open Data Commons Open Database License</a> (ODbL)</small><br/>This entry was last updated: 2011-09-05 03:08:32 ', '川津幼稚園', '', 'publish', 'open', 'open', '', '1423612241', '', '', '2011-09-05 03:08:32 ', '2011-09-05 03:08:32 ', '', 0, 'http://www.opendawn.com/test/geo1/2011/09/05/1423612241/', 0, 'post', '', 0),
(1423612442, 1, '2011-09-05 03:08:41 ', '2011-09-05 03:08:41 ', 'school<br/>[geo_mashup_map zoom=16]<br/><small>Geo-data from OpenStreetMap. &copy; OpenStreetMap contributors. OpenStreetMap is <i>open data</i>, licensed under the <a href="http://opendatacommons.org/licenses/odbl/">Open Data Commons Open Database License</a> (ODbL)</small><br/>This entry was last updated: 2011-09-05 03:08:41 ', '市立中央小学校', '', 'publish', 'open', 'open', '', '1423612442', '', '', '2011-09-05 03:08:41 ', '2011-09-05 03:08:41 ', '', 0, 'http://www.opendawn.com/test/geo1/2011/09/05/1423612442/', 0, 'post', '', 0),
(1423612499, 1, '2011-09-05 03:08:43 ', '2011-09-05 03:08:43 ', 'school<br/>[geo_mashup_map zoom=16]<br/><small>Geo-data from OpenStreetMap. &copy; OpenStreetMap contributors. OpenStreetMap is <i>open data</i>, licensed under the <a href="http://opendatacommons.org/licenses/odbl/">Open Data Commons Open Database License</a> (ODbL)</small><br/>This entry was last updated: 2011-09-05 03:08:43 ', '市立乃木小学校', '', 'publish', 'open', 'open', '', '1423612499', '', '', '2011-09-05 03:08:43 ', '2011-09-05 03:08:43 ', '', 0, 'http://www.opendawn.com/test/geo1/2011/09/05/1423612499/', 0, 'post', '', 0),
(1423612803, 1, '2011-09-05 03:08:55 ', '2011-09-05 03:08:55 ', 'school<br/>[geo_mashup_map zoom=16]<br/><small>Geo-data from OpenStreetMap. &copy; OpenStreetMap contributors. OpenStreetMap is <i>open data</i>, licensed under the <a href="http://opendatacommons.org/licenses/odbl/">Open Data Commons Open Database License</a> (ODbL)</small><br/>This entry was last updated: 2011-09-05 03:08:55 ', '市立内中原小学校', '', 'publish', 'open', 'open', '', '1423612803', '', '', '2011-09-05 03:08:55 ', '2011-09-05 03:08:55 ', '', 0, 'http://www.opendawn.com/test/geo1/2011/09/05/1423612803/', 0, 'post', '', 0),
(1423612988, 1, '2011-09-05 03:09:02 ', '2011-09-05 03:09:02 ', 'school<br/>[geo_mashup_map zoom=16]<br/><small>Geo-data from OpenStreetMap. &copy; OpenStreetMap contributors. OpenStreetMap is <i>open data</i>, licensed under the <a href="http://opendatacommons.org/licenses/odbl/">Open Data Commons Open Database License</a> (ODbL)</small><br/>This entry was last updated: 2011-09-05 03:09:02 ', '市立古志原小学校', '', 'publish', 'open', 'open', '', '1423612988', '', '', '2011-09-05 03:09:02 ', '2011-09-05 03:09:02 ', '', 0, 'http://www.opendawn.com/test/geo1/2011/09/05/1423612988/', 0, 'post', '', 0),
(1423613149, 1, '2011-09-05 03:09:08 ', '2011-09-05 03:09:08 ', 'school<br/>[geo_mashup_map zoom=16]<br/><small>Geo-data from OpenStreetMap. &copy; OpenStreetMap contributors. OpenStreetMap is <i>open data</i>, licensed under the <a href="http://opendatacommons.org/licenses/odbl/">Open Data Commons Open Database License</a> (ODbL)</small><br/>This entry was last updated: 2011-09-05 03:09:08 ', '市立城北小学校', '', 'publish', 'open', 'open', '', '1423613149', '', '', '2011-09-05 03:09:08 ', '2011-09-05 03:09:08 ', '', 0, 'http://www.opendawn.com/test/geo1/2011/09/05/1423613149/', 0, 'post', '', 0),
(1423613265, 1, '2011-09-05 03:09:12 ', '2011-09-05 03:09:12 ', 'school<br/>[geo_mashup_map zoom=16]<br/><small>Geo-data from OpenStreetMap. &copy; OpenStreetMap contributors. OpenStreetMap is <i>open data</i>, licensed under the <a href="http://opendatacommons.org/licenses/odbl/">Open Data Commons Open Database License</a> (ODbL)</small><br/>This entry was last updated: 2011-09-05 03:09:12 ', '市立大庭小学校', '', 'publish', 'open', 'open', '', '1423613265', '', '', '2011-09-05 03:09:12 ', '2011-09-05 03:09:12 ', '', 0, 'http://www.opendawn.com/test/geo1/2011/09/05/1423613265/', 0, 'post', '', 0),
(1423613594, 1, '2011-09-05 03:09:24 ', '2011-09-05 03:09:24 ', 'school<br/>[geo_mashup_map zoom=16]<br/><small>Geo-data from OpenStreetMap. &copy; OpenStreetMap contributors. OpenStreetMap is <i>open data</i>, licensed under the <a href="http://opendatacommons.org/licenses/odbl/">Open Data Commons Open Database License</a> (ODbL)</small><br/>This entry was last updated: 2011-09-05 03:09:24 ', '市立川津小学校', '', 'publish', 'open', 'open', '', '1423613594', '', '', '2011-09-05 03:09:24 ', '2011-09-05 03:09:24 ', '', 0, 'http://www.opendawn.com/test/geo1/2011/09/05/1423613594/', 0, 'post', '', 0),
(1423614050, 1, '2011-09-05 03:09:41 ', '2011-09-05 03:09:41 ', 'school<br/>[geo_mashup_map zoom=16]<br/><small>Geo-data from OpenStreetMap. &copy; OpenStreetMap contributors. OpenStreetMap is <i>open data</i>, licensed under the <a href="http://opendatacommons.org/licenses/odbl/">Open Data Commons Open Database License</a> (ODbL)</small><br/>This entry was last updated: 2011-09-05 03:09:41 ', '市立朝酌小学校', '', 'publish', 'open', 'open', '', '1423614050', '', '', '2011-09-05 03:09:41 ', '2011-09-05 03:09:41 ', '', 0, 'http://www.opendawn.com/test/geo1/2011/09/05/1423614050/', 0, 'post', '', 0),
(1423614253, 1, '2011-09-05 03:09:48 ', '2011-09-05 03:09:48 ', 'school<br/>[geo_mashup_map zoom=16]<br/><small>Geo-data from OpenStreetMap. &copy; OpenStreetMap contributors. OpenStreetMap is <i>open data</i>, licensed under the <a href="http://opendatacommons.org/licenses/odbl/">Open Data Commons Open Database License</a> (ODbL)</small><br/>This entry was last updated: 2011-09-05 03:09:48 ', '市立母衣小学校', '', 'publish', 'open', 'open', '', '1423614253', '', '', '2011-09-05 03:09:48 ', '2011-09-05 03:09:48 ', '', 0, 'http://www.opendawn.com/test/geo1/2011/09/05/1423614253/', 0, 'post', '', 0),
(1423614336, 1, '2011-09-05 03:09:51 ', '2011-09-05 03:09:51 ', 'school<br/>[geo_mashup_map zoom=16]<br/><small>Geo-data from OpenStreetMap. &copy; OpenStreetMap contributors. OpenStreetMap is <i>open data</i>, licensed under the <a href="http://opendatacommons.org/licenses/odbl/">Open Data Commons Open Database License</a> (ODbL)</small><br/>This entry was last updated: 2011-09-05 03:09:51 ', '市立法吉小学校', '', 'publish', 'open', 'open', '', '1423614336', '', '', '2011-09-05 03:09:51 ', '2011-09-05 03:09:51 ', '', 0, 'http://www.opendawn.com/test/geo1/2011/09/05/1423614336/', 0, 'post', '', 0),
(1423614375, 1, '2011-09-05 03:09:53 ', '2011-09-05 03:09:53 ', 'school<br/>[geo_mashup_map zoom=16]<br/><small>Geo-data from OpenStreetMap. &copy; OpenStreetMap contributors. OpenStreetMap is <i>open data</i>, licensed under the <a href="http://opendatacommons.org/licenses/odbl/">Open Data Commons Open Database License</a> (ODbL)</small><br/>This entry was last updated: 2011-09-05 03:09:53 ', '市立津田小学校', '', 'publish', 'open', 'open', '', '1423614375', '', '', '2011-09-05 03:09:53 ', '2011-09-05 03:09:53 ', '', 0, 'http://www.opendawn.com/test/geo1/2011/09/05/1423614375/', 0, 'post', '', 0),
(1423614463, 1, '2011-09-05 03:09:56 ', '2011-09-05 03:09:56 ', 'school<br/>[geo_mashup_map zoom=16]<br/><small>Geo-data from OpenStreetMap. &copy; OpenStreetMap contributors. OpenStreetMap is <i>open data</i>, licensed under the <a href="http://opendatacommons.org/licenses/odbl/">Open Data Commons Open Database License</a> (ODbL)</small><br/>This entry was last updated: 2011-09-05 03:09:56 ', '市立湖南中学校', '', 'publish', 'open', 'open', '', '1423614463', '', '', '2011-09-05 03:09:56 ', '2011-09-05 03:09:56 ', '', 0, 'http://www.opendawn.com/test/geo1/2011/09/05/1423614463/', 0, 'post', '', 0),
(1423614467, 1, '2011-09-05 03:09:56 ', '2011-09-05 03:09:56 ', 'school<br/>[geo_mashup_map zoom=16]<br/><small>Geo-data from OpenStreetMap. &copy; OpenStreetMap contributors. OpenStreetMap is <i>open data</i>, licensed under the <a href="http://opendatacommons.org/licenses/odbl/">Open Data Commons Open Database License</a> (ODbL)</small><br/>This entry was last updated: 2011-09-05 03:09:56 ', '市立湖東中学校', '', 'publish', 'open', 'open', '', '1423614467', '', '', '2011-09-05 03:09:56 ', '2011-09-05 03:09:56 ', '', 0, 'http://www.opendawn.com/test/geo1/2011/09/05/1423614467/', 0, 'post', '', 0),
(1423614693, 1, '2011-09-05 03:10:04 ', '2011-09-05 03:10:04 ', 'school<br/>[geo_mashup_map zoom=16]<br/><small>Geo-data from OpenStreetMap. &copy; OpenStreetMap contributors. OpenStreetMap is <i>open data</i>, licensed under the <a href="http://opendatacommons.org/licenses/odbl/">Open Data Commons Open Database License</a> (ODbL)</small><br/>This entry was last updated: 2011-09-05 03:10:04 ', '市立生馬小学校', '', 'publish', 'open', 'open', '', '1423614693', '', '', '2011-09-05 03:10:04 ', '2011-09-05 03:10:04 ', '', 0, 'http://www.opendawn.com/test/geo1/2011/09/05/1423614693/', 0, 'post', '', 0),
(1423615001, 1, '2011-09-05 03:10:17 ', '2011-09-05 03:10:17 ', 'school<br/>[geo_mashup_map zoom=16]<br/><small>Geo-data from OpenStreetMap. &copy; OpenStreetMap contributors. OpenStreetMap is <i>open data</i>, licensed under the <a href="http://opendatacommons.org/licenses/odbl/">Open Data Commons Open Database License</a> (ODbL)</small><br/>This entry was last updated: 2011-09-05 03:10:17 ', '市立第一中学校', '', 'publish', 'open', 'open', '', '1423615001', '', '', '2011-09-05 03:10:17 ', '2011-09-05 03:10:17 ', '', 0, 'http://www.opendawn.com/test/geo1/2011/09/05/1423615001/', 0, 'post', '', 0),
(1423615022, 1, '2011-09-05 03:10:18 ', '2011-09-05 03:10:18 ', 'school<br/>[geo_mashup_map zoom=16]<br/><small>Geo-data from OpenStreetMap. &copy; OpenStreetMap contributors. OpenStreetMap is <i>open data</i>, licensed under the <a href="http://opendatacommons.org/licenses/odbl/">Open Data Commons Open Database License</a> (ODbL)</small><br/>This entry was last updated: 2011-09-05 03:10:18 ', '市立第三中学校', '', 'publish', 'open', 'open', '', '1423615022', '', '', '2011-09-05 03:10:18 ', '2011-09-05 03:10:18 ', '', 0, 'http://www.opendawn.com/test/geo1/2011/09/05/1423615022/', 0, 'post', '', 0),
(1423615044, 1, '2011-09-05 03:10:19 ', '2011-09-05 03:10:19 ', 'school<br/>[geo_mashup_map zoom=16]<br/><small>Geo-data from OpenStreetMap. &copy; OpenStreetMap contributors. OpenStreetMap is <i>open data</i>, licensed under the <a href="http://opendatacommons.org/licenses/odbl/">Open Data Commons Open Database License</a> (ODbL)</small><br/>This entry was last updated: 2011-09-05 03:10:19 ', '市立第二中学校', '', 'publish', 'open', 'open', '', '1423615044', '', '', '2011-09-05 03:10:19 ', '2011-09-05 03:10:19 ', '', 0, 'http://www.opendawn.com/test/geo1/2011/09/05/1423615044/', 0, 'post', '', 0),
(1423615067, 1, '2011-09-05 03:10:20 ', '2011-09-05 03:10:20 ', 'school<br/>[geo_mashup_map zoom=16]<br/><small>Geo-data from OpenStreetMap. &copy; OpenStreetMap contributors. OpenStreetMap is <i>open data</i>, licensed under the <a href="http://opendatacommons.org/licenses/odbl/">Open Data Commons Open Database License</a> (ODbL)</small><br/>This entry was last updated: 2011-09-05 03:10:20 ', '市立第四中学校', '', 'publish', 'open', 'open', '', '1423615067', '', '', '2011-09-05 03:10:20 ', '2011-09-05 03:10:20 ', '', 0, 'http://www.opendawn.com/test/geo1/2011/09/05/1423615067/', 0, 'post', '', 0),
(1423615339, 1, '2011-09-05 03:10:51 ', '2011-09-05 03:10:51 ', 'school<br/>[geo_mashup_map zoom=16]<br/><small>Geo-data from OpenStreetMap. &copy; OpenStreetMap contributors. OpenStreetMap is <i>open data</i>, licensed under the <a href="http://opendatacommons.org/licenses/odbl/">Open Data Commons Open Database License</a> (ODbL)</small><br/>This entry was last updated: 2011-09-05 03:10:51 ', '市立雑賀小学校', '', 'publish', 'open', 'open', '', '1423615339', '', '', '2011-09-05 03:10:51 ', '2011-09-05 03:10:51 ', '', 0, 'http://www.opendawn.com/test/geo1/2011/09/05/1423615339/', 0, 'post', '', 0),
(1423615430, 1, '2011-09-05 03:11:02 ', '2011-09-05 03:11:02 ', 'post_office<br/>[geo_mashup_map zoom=16]<br/><small>Geo-data from OpenStreetMap. &copy; OpenStreetMap contributors. OpenStreetMap is <i>open data</i>, licensed under the <a href="http://opendatacommons.org/licenses/odbl/">Open Data Commons Open Database License</a> (ODbL)</small><br/>This entry was last updated: 2011-09-05 03:11:02 ', '布志名簡易郵便局', '', 'publish', 'open', 'open', '', '1423615430', '', '', '2011-09-05 03:11:02 ', '2011-09-05 03:11:02 ', '', 0, 'http://www.opendawn.com/test/geo1/2011/09/05/1423615430/', 0, 'post', '', 0),
(1423615494, 1, '2011-09-05 03:11:12 ', '2011-09-05 03:11:12 ', 'kindergarten<br/>[geo_mashup_map zoom=16]<br/><small>Geo-data from OpenStreetMap. &copy; OpenStreetMap contributors. OpenStreetMap is <i>open data</i>, licensed under the <a href="http://opendatacommons.org/licenses/odbl/">Open Data Commons Open Database License</a> (ODbL)</small><br/>This entry was last updated: 2011-09-05 03:11:12 ', '幼保園のぎ幼稚園', '', 'publish', 'open', 'open', '', '1423615494', '', '', '2011-09-05 03:11:12 ', '2011-09-05 03:11:12 ', '', 0, 'http://www.opendawn.com/test/geo1/2011/09/05/1423615494/', 0, 'post', '', 0),
(1423615520, 1, '2011-09-05 03:11:16 ', '2011-09-05 03:11:16 ', 'public_building<br/>[geo_mashup_map zoom=16]<br/><small>Geo-data from OpenStreetMap. &copy; OpenStreetMap contributors. OpenStreetMap is <i>open data</i>, licensed under the <a href="http://opendatacommons.org/licenses/odbl/">Open Data Commons Open Database License</a> (ODbL)</small><br/>This entry was last updated: 2011-09-05 03:11:16 ', '広島高等検察庁松江支部', '', 'publish', 'open', 'open', '', '1423615520', '', '', '2011-09-05 03:11:16 ', '2011-09-05 03:11:16 ', '', 0, 'http://www.opendawn.com/test/geo1/2011/09/05/1423615520/', 0, 'post', '', 0),
(1423615522, 1, '2011-09-05 03:11:16 ', '2011-09-05 03:11:16 ', 'courthouse<br/>[geo_mashup_map zoom=16]<br/><small>Geo-data from OpenStreetMap. &copy; OpenStreetMap contributors. OpenStreetMap is <i>open data</i>, licensed under the <a href="http://opendatacommons.org/licenses/odbl/">Open Data Commons Open Database License</a> (ODbL)</small><br/>This entry was last updated: 2011-09-05 03:11:16 ', '広島高等裁判所松江支部', '', 'publish', 'open', 'open', '', '1423615522', '', '', '2011-09-05 03:11:16 ', '2011-09-05 03:11:16 ', '', 0, 'http://www.opendawn.com/test/geo1/2011/09/05/1423615522/', 0, 'post', '', 0),
(1423615603, 1, '2011-09-05 03:11:29 ', '2011-09-05 03:11:29 ', 'kindergarten<br/>[geo_mashup_map zoom=16]<br/><small>Geo-data from OpenStreetMap. &copy; OpenStreetMap contributors. OpenStreetMap is <i>open data</i>, licensed under the <a href="http://opendatacommons.org/licenses/odbl/">Open Data Commons Open Database License</a> (ODbL)</small><br/>This entry was last updated: 2011-09-05 03:11:29 ', '愛恵保育園', '', 'publish', 'open', 'open', '', '1423615603', '', '', '2011-09-05 03:11:29 ', '2011-09-05 03:11:29 ', '', 0, 'http://www.opendawn.com/test/geo1/2011/09/05/1423615603/', 0, 'post', '', 0),
(1423615646, 1, '2011-09-05 03:11:37 ', '2011-09-05 03:11:37 ', 'public_building<br/>[geo_mashup_map zoom=16]<br/><small>Geo-data from OpenStreetMap. &copy; OpenStreetMap contributors. OpenStreetMap is <i>open data</i>, licensed under the <a href="http://opendatacommons.org/licenses/odbl/">Open Data Commons Open Database License</a> (ODbL)</small><br/>This entry was last updated: 2011-09-05 03:11:37 ', '放送大学学園放送大学島根学習センター', '', 'publish', 'open', 'open', '', '1423615646', '', '', '2011-09-05 03:11:37 ', '2011-09-05 03:11:37 ', '', 0, 'http://www.opendawn.com/test/geo1/2011/09/05/1423615646/', 0, 'post', '', 0),
(1423615735, 1, '2011-09-05 03:11:55 ', '2011-09-05 03:11:55 ', 'public_building<br/>[geo_mashup_map zoom=16]<br/><small>Geo-data from OpenStreetMap. &copy; OpenStreetMap contributors. OpenStreetMap is <i>open data</i>, licensed under the <a href="http://opendatacommons.org/licenses/odbl/">Open Data Commons Open Database License</a> (ODbL)</small><br/>This entry was last updated: 2011-09-05 03:11:55 ', '日本下水道事業団近畿・中国総合事務所島根事務所', '', 'publish', 'open', 'open', '', '1423615735', '', '', '2011-09-05 03:11:55 ', '2011-09-05 03:11:55 ', '', 0, 'http://www.opendawn.com/test/geo1/2011/09/05/1423615735/', 0, 'post', '', 0),
(1423615744, 1, '2011-09-05 03:11:56 ', '2011-09-05 03:11:56 ', 'public_building<br/>[geo_mashup_map zoom=16]<br/><small>Geo-data from OpenStreetMap. &copy; OpenStreetMap contributors. OpenStreetMap is <i>open data</i>, licensed under the <a href="http://opendatacommons.org/licenses/odbl/">Open Data Commons Open Database License</a> (ODbL)</small><br/>This entry was last updated: 2011-09-05 03:11:56 ', '日本貿易振興機構松江貿易情報センター', '', 'publish', 'open', 'open', '', '1423615744', '', '', '2011-09-05 03:11:56 ', '2011-09-05 03:11:56 ', '', 0, 'http://www.opendawn.com/test/geo1/2011/09/05/1423615744/', 0, 'post', '', 0),
(1423615749, 1, '2011-09-05 03:11:57 ', '2011-09-05 03:11:57 ', 'public_building<br/>[geo_mashup_map zoom=16]<br/><small>Geo-data from OpenStreetMap. &copy; OpenStreetMap contributors. OpenStreetMap is <i>open data</i>, licensed under the <a href="http://opendatacommons.org/licenses/odbl/">Open Data Commons Open Database License</a> (ODbL)</small><br/>This entry was last updated: 2011-09-05 03:11:57 ', '日本郵政公社監査室島根監査室', '', 'publish', 'open', 'open', '', '1423615749', '', '', '2011-09-05 03:11:57 ', '2011-09-05 03:11:57 ', '', 0, 'http://www.opendawn.com/test/geo1/2011/09/05/1423615749/', 0, 'post', '', 0),
(1423615751, 1, '2011-09-05 03:11:57 ', '2011-09-05 03:11:57 ', 'public_building<br/>[geo_mashup_map zoom=16]<br/><small>Geo-data from OpenStreetMap. &copy; OpenStreetMap contributors. OpenStreetMap is <i>open data</i>, licensed under the <a href="http://opendatacommons.org/licenses/odbl/">Open Data Commons Open Database License</a> (ODbL)</small><br/>This entry was last updated: 2011-09-05 03:11:57 ', '日本郵政公社郵政健康管理センター松江郵政健康管理センター', '', 'publish', 'open', 'open', '', '1423615751', '', '', '2011-09-05 03:11:57 ', '2011-09-05 03:11:57 ', '', 0, 'http://www.opendawn.com/test/geo1/2011/09/05/1423615751/', 0, 'post', '', 0),
(1423615755, 1, '2011-09-05 03:11:58 ', '2011-09-05 03:11:58 ', 'public_building<br/>[geo_mashup_map zoom=16]<br/><small>Geo-data from OpenStreetMap. &copy; OpenStreetMap contributors. OpenStreetMap is <i>open data</i>, licensed under the <a href="http://opendatacommons.org/licenses/odbl/">Open Data Commons Open Database License</a> (ODbL)</small><br/>This entry was last updated: 2011-09-05 03:11:58 ', '日本銀行松江支店', '', 'publish', 'open', 'open', '', '1423615755', '', '', '2011-09-05 03:11:58 ', '2011-09-05 03:11:58 ', '', 0, 'http://www.opendawn.com/test/geo1/2011/09/05/1423615755/', 0, 'post', '', 0),
(1423615815, 1, '2011-09-05 03:12:10 ', '2011-09-05 03:12:10 ', '<br/>[geo_mashup_map zoom=16]<br/><small>Geo-data from OpenStreetMap. &copy; OpenStreetMap contributors. OpenStreetMap is <i>open data</i>, licensed under the <a href="http://opendatacommons.org/licenses/odbl/">Open Data Commons Open Database License</a> (ODbL)</small><br/>This entry was last updated: 2011-09-05 03:12:10 ', '月照寺宝物殿', '', 'publish', 'open', 'open', '', '1423615815', '', '', '2011-09-05 03:12:10 ', '2011-09-05 03:12:10 ', '', 0, 'http://www.opendawn.com/test/geo1/2011/09/05/1423615815/', 0, 'post', '', 0),
(1423615861, 1, '2011-09-05 03:12:14 ', '2011-09-05 03:12:14 ', 'kindergarten<br/>[geo_mashup_map zoom=16]<br/><small>Geo-data from OpenStreetMap. &copy; OpenStreetMap contributors. OpenStreetMap is <i>open data</i>, licensed under the <a href="http://opendatacommons.org/licenses/odbl/">Open Data Commons Open Database License</a> (ODbL)</small><br/>This entry was last updated: 2011-09-05 03:12:14 ', '朝酌幼稚園', '', 'publish', 'open', 'open', '', '1423615861', '', '', '2011-09-05 03:12:14 ', '2011-09-05 03:12:14 ', '', 0, 'http://www.opendawn.com/test/geo1/2011/09/05/1423615861/', 0, 'post', '', 0),
(1423615891, 1, '2011-09-05 03:12:17 ', '2011-09-05 03:12:17 ', 'kindergarten<br/>[geo_mashup_map zoom=16]<br/><small>Geo-data from OpenStreetMap. &copy; OpenStreetMap contributors. OpenStreetMap is <i>open data</i>, licensed under the <a href="http://opendatacommons.org/licenses/odbl/">Open Data Commons Open Database License</a> (ODbL)</small><br/>This entry was last updated: 2011-09-05 03:12:17 ', '末次保育所', '', 'publish', 'open', 'open', '', '1423615891', '', '', '2011-09-05 03:12:17 ', '2011-09-05 03:12:17 ', '', 0, 'http://www.opendawn.com/test/geo1/2011/09/05/1423615891/', 0, 'post', '', 0),
(1423615948, 1, '2012-02-12 13:42:51 ', '2012-02-12 13:42:51 ', 'community_centre<br/>[geo_mashup_map zoom=16]<br/><small>Geo-data from OpenStreetMap. &copy; OpenStreetMap contributors. OpenStreetMap is <i>open data</i>, licensed under the <a href="http://opendatacommons.org/licenses/odbl/">Open Data Commons Open Database License</a> (ODbL)</small><br/>This entry was last updated: 2012-02-12 13:42:51 ', '東津田児童館', '', 'publish', 'open', 'open', '', '1423615948', '', '', '2012-02-12 13:42:51 ', '2012-02-12 13:42:51 ', '', 0, 'http://www.opendawn.com/test/geo1/2012/02/12/1423615948/', 0, 'post', '', 0),
(1423615955, 1, '2011-09-05 03:12:28 ', '2011-09-05 03:12:28 ', 'hospital<br/>[geo_mashup_map zoom=16]<br/><small>Geo-data from OpenStreetMap. &copy; OpenStreetMap contributors. OpenStreetMap is <i>open data</i>, licensed under the <a href="http://opendatacommons.org/licenses/odbl/">Open Data Commons Open Database License</a> (ODbL)</small><br/>This entry was last updated: 2011-09-05 03:12:28 ', '東部島根心身障害医療福祉センター', '', 'publish', 'open', 'open', '', '1423615955', '', '', '2011-09-05 03:12:28 ', '2011-09-05 03:12:28 ', '', 0, 'http://www.opendawn.com/test/geo1/2011/09/05/1423615955/', 0, 'post', '', 0),
(1423615993, 1, '2011-09-05 03:12:30 ', '2011-09-05 03:12:30 ', 'kindergarten<br/>[geo_mashup_map zoom=16]<br/><small>Geo-data from OpenStreetMap. &copy; OpenStreetMap contributors. OpenStreetMap is <i>open data</i>, licensed under the <a href="http://opendatacommons.org/licenses/odbl/">Open Data Commons Open Database License</a> (ODbL)</small><br/>This entry was last updated: 2011-09-05 03:12:30 ', '松尾保育所', '', 'publish', 'open', 'open', '', '1423615993', '', '', '2011-09-05 03:12:30 ', '2011-09-05 03:12:30 ', '', 0, 'http://www.opendawn.com/test/geo1/2011/09/05/1423615993/', 0, 'post', '', 0),
(1423616006, 1, '2011-09-05 03:12:31 ', '2011-09-05 03:12:31 ', 'kindergarten<br/>[geo_mashup_map zoom=16]<br/><small>Geo-data from OpenStreetMap. &copy; OpenStreetMap contributors. OpenStreetMap is <i>open data</i>, licensed under the <a href="http://opendatacommons.org/licenses/odbl/">Open Data Commons Open Database License</a> (ODbL)</small><br/>This entry was last updated: 2011-09-05 03:12:31 ', '松徳幼稚園', '', 'publish', 'open', 'open', '', '1423616006', '', '', '2011-09-05 03:12:31 ', '2011-09-05 03:12:31 ', '', 0, 'http://www.opendawn.com/test/geo1/2011/09/05/1423616006/', 0, 'post', '', 0),
(1423616025, 1, '2011-09-05 03:12:31 ', '2011-09-05 03:12:31 ', 'kindergarten<br/>[geo_mashup_map zoom=16]<br/><small>Geo-data from OpenStreetMap. &copy; OpenStreetMap contributors. OpenStreetMap is <i>open data</i>, licensed under the <a href="http://opendatacommons.org/licenses/odbl/">Open Data Commons Open Database License</a> (ODbL)</small><br/>This entry was last updated: 2011-09-05 03:12:31 ', '松江ナザレン保育園', '', 'publish', 'open', 'open', '', '1423616025', '', '', '2011-09-05 03:12:31 ', '2011-09-05 03:12:31 ', '', 0, 'http://www.opendawn.com/test/geo1/2011/09/05/1423616025/', 0, 'post', '', 0),
(1423616029, 1, '2011-09-05 03:12:32 ', '2011-09-05 03:12:32 ', 'post_office<br/>[geo_mashup_map zoom=16]<br/><small>Geo-data from OpenStreetMap. &copy; OpenStreetMap contributors. OpenStreetMap is <i>open data</i>, licensed under the <a href="http://opendatacommons.org/licenses/odbl/">Open Data Commons Open Database License</a> (ODbL)</small><br/>This entry was last updated: 2011-09-05 03:12:32 ', '松江上乃木郵便局', '', 'publish', 'open', 'open', '', '1423616029', '', '', '2011-09-05 03:12:32 ', '2011-09-05 03:12:32 ', '', 0, 'http://www.opendawn.com/test/geo1/2011/09/05/1423616029/', 0, 'post', '', 0),
(1423616035, 1, '2011-09-05 03:12:32 ', '2011-09-05 03:12:32 ', 'post_office<br/>[geo_mashup_map zoom=16]<br/><small>Geo-data from OpenStreetMap. &copy; OpenStreetMap contributors. OpenStreetMap is <i>open data</i>, licensed under the <a href="http://opendatacommons.org/licenses/odbl/">Open Data Commons Open Database License</a> (ODbL)</small><br/>This entry was last updated: 2011-09-05 03:12:32 ', '松江上口簡易郵便局', '', 'publish', 'open', 'open', '', '1423616035', '', '', '2011-09-05 03:12:32 ', '2011-09-05 03:12:32 ', '', 0, 'http://www.opendawn.com/test/geo1/2011/09/05/1423616035/', 0, 'post', '', 0),
(1423616037, 1, '2011-09-05 03:12:32 ', '2011-09-05 03:12:32 ', 'post_office<br/>[geo_mashup_map zoom=16]<br/><small>Geo-data from OpenStreetMap. &copy; OpenStreetMap contributors. OpenStreetMap is <i>open data</i>, licensed under the <a href="http://opendatacommons.org/licenses/odbl/">Open Data Commons Open Database License</a> (ODbL)</small><br/>This entry was last updated: 2011-09-05 03:12:32 ', '松江中央郵便局', '', 'publish', 'open', 'open', '', '1423616037', '', '', '2011-09-05 03:12:32 ', '2011-09-05 03:12:32 ', '', 0, 'http://www.opendawn.com/test/geo1/2011/09/05/1423616037/', 0, 'post', '', 0),
(1423616038, 1, '2011-09-05 03:12:32 ', '2011-09-05 03:12:32 ', 'kindergarten<br/>[geo_mashup_map zoom=16]<br/><small>Geo-data from OpenStreetMap. &copy; OpenStreetMap contributors. OpenStreetMap is <i>open data</i>, licensed under the <a href="http://opendatacommons.org/licenses/odbl/">Open Data Commons Open Database License</a> (ODbL)</small><br/>This entry was last updated: 2011-09-05 03:12:32 ', '松江保育所', '', 'publish', 'open', 'open', '', '1423616038', '', '', '2011-09-05 03:12:32 ', '2011-09-05 03:12:32 ', '', 0, 'http://www.opendawn.com/test/geo1/2011/09/05/1423616038/', 0, 'post', '', 0),
(1423616041, 1, '2011-09-05 03:12:33 ', '2011-09-05 03:12:33 ', 'public_building<br/>[geo_mashup_map zoom=16]<br/><small>Geo-data from OpenStreetMap. &copy; OpenStreetMap contributors. OpenStreetMap is <i>open data</i>, licensed under the <a href="http://opendatacommons.org/licenses/odbl/">Open Data Commons Open Database License</a> (ODbL)</small><br/>This entry was last updated: 2011-09-05 03:12:33 ', '松江刑務所', '', 'publish', 'open', 'open', '', '1423616041', '', '', '2011-09-05 03:12:33 ', '2011-09-05 03:12:33 ', '', 0, 'http://www.opendawn.com/test/geo1/2011/09/05/1423616041/', 0, 'post', '', 0),
(1423616043, 1, '2011-09-05 03:12:33 ', '2011-09-05 03:12:33 ', 'post_office<br/>[geo_mashup_map zoom=16]<br/><small>Geo-data from OpenStreetMap. &copy; OpenStreetMap contributors. OpenStreetMap is <i>open data</i>, licensed under the <a href="http://opendatacommons.org/licenses/odbl/">Open Data Commons Open Database License</a> (ODbL)</small><br/>This entry was last updated: 2011-09-05 03:12:33 ', '松江北堀郵便局', '', 'publish', 'open', 'open', '', '1423616043', '', '', '2011-09-05 03:12:33 ', '2011-09-05 03:12:33 ', '', 0, 'http://www.opendawn.com/test/geo1/2011/09/05/1423616043/', 0, 'post', '', 0),
(1423616044, 1, '2011-09-05 03:12:34 ', '2011-09-05 03:12:34 ', 'post_office<br/>[geo_mashup_map zoom=16]<br/><small>Geo-data from OpenStreetMap. &copy; OpenStreetMap contributors. OpenStreetMap is <i>open data</i>, licensed under the <a href="http://opendatacommons.org/licenses/odbl/">Open Data Commons Open Database License</a> (ODbL)</small><br/>This entry was last updated: 2011-09-05 03:12:34 ', '松江古志原郵便局', '', 'publish', 'open', 'open', '', '1423616044', '', '', '2011-09-05 03:12:34 ', '2011-09-05 03:12:34 ', '', 0, 'http://www.opendawn.com/test/geo1/2011/09/05/1423616044/', 0, 'post', '', 0),
(1423616045, 1, '2011-09-05 03:12:34 ', '2011-09-05 03:12:34 ', 'post_office<br/>[geo_mashup_map zoom=16]<br/><small>Geo-data from OpenStreetMap. &copy; OpenStreetMap contributors. OpenStreetMap is <i>open data</i>, licensed under the <a href="http://opendatacommons.org/licenses/odbl/">Open Data Commons Open Database License</a> (ODbL)</small><br/>This entry was last updated: 2011-09-05 03:12:34 ', '松江合同庁舎内郵便局', '', 'publish', 'open', 'open', '', '1423616045', '', '', '2011-09-05 03:12:34 ', '2011-09-05 03:12:34 ', '', 0, 'http://www.opendawn.com/test/geo1/2011/09/05/1423616045/', 0, 'post', '', 0),
(1423616084, 1, '2011-09-05 03:12:41 ', '2011-09-05 03:12:41 ', '<br/>[geo_mashup_map zoom=16]<br/><small>Geo-data from OpenStreetMap. &copy; OpenStreetMap contributors. OpenStreetMap is <i>open data</i>, licensed under the <a href="http://opendatacommons.org/licenses/odbl/">Open Data Commons Open Database License</a> (ODbL)</small><br/>This entry was last updated: 2011-09-05 03:12:41 ', '松江城', '', 'publish', 'open', 'open', '', '1423616084', '', '', '2011-09-05 03:12:41 ', '2011-09-05 03:12:41 ', '', 0, 'http://www.opendawn.com/test/geo1/2011/09/05/1423616084/', 0, 'post', '', 0),
(1423616085, 1, '2011-09-05 03:12:41 ', '2011-09-05 03:12:41 ', 'post_office<br/>[geo_mashup_map zoom=16]<br/><small>Geo-data from OpenStreetMap. &copy; OpenStreetMap contributors. OpenStreetMap is <i>open data</i>, licensed under the <a href="http://opendatacommons.org/licenses/odbl/">Open Data Commons Open Database License</a> (ODbL)</small><br/>This entry was last updated: 2011-09-05 03:12:41 ', '松江城西郵便局', '', 'publish', 'open', 'open', '', '1423616085', '', '', '2011-09-05 03:12:41 ', '2011-09-05 03:12:41 ', '', 0, 'http://www.opendawn.com/test/geo1/2011/09/05/1423616085/', 0, 'post', '', 0),
(1423616086, 1, '2011-09-05 03:12:41 ', '2011-09-05 03:12:41 ', 'post_office<br/>[geo_mashup_map zoom=16]<br/><small>Geo-data from OpenStreetMap. &copy; OpenStreetMap contributors. OpenStreetMap is <i>open data</i>, licensed under the <a href="http://opendatacommons.org/licenses/odbl/">Open Data Commons Open Database License</a> (ODbL)</small><br/>This entry was last updated: 2011-09-05 03:12:41 ', '松江大庭郵便局', '', 'publish', 'open', 'open', '', '1423616086', '', '', '2011-09-05 03:12:41 ', '2011-09-05 03:12:41 ', '', 0, 'http://www.opendawn.com/test/geo1/2011/09/05/1423616086/', 0, 'post', '', 0),
(1423616087, 1, '2011-09-05 03:12:41 ', '2011-09-05 03:12:41 ', 'post_office<br/>[geo_mashup_map zoom=16]<br/><small>Geo-data from OpenStreetMap. &copy; OpenStreetMap contributors. OpenStreetMap is <i>open data</i>, licensed under the <a href="http://opendatacommons.org/licenses/odbl/">Open Data Commons Open Database License</a> (ODbL)</small><br/>This entry was last updated: 2011-09-05 03:12:41 ', '松江大輪郵便局', '', 'publish', 'open', 'open', '', '1423616087', '', '', '2011-09-05 03:12:41 ', '2011-09-05 03:12:41 ', '', 0, 'http://www.opendawn.com/test/geo1/2011/09/05/1423616087/', 0, 'post', '', 0),
(1423616089, 1, '2011-09-05 03:12:41 ', '2011-09-05 03:12:41 ', 'post_office<br/>[geo_mashup_map zoom=16]<br/><small>Geo-data from OpenStreetMap. &copy; OpenStreetMap contributors. OpenStreetMap is <i>open data</i>, licensed under the <a href="http://opendatacommons.org/licenses/odbl/">Open Data Commons Open Database License</a> (ODbL)</small><br/>This entry was last updated: 2011-09-05 03:12:41 ', '松江嫁島簡易郵便局', '', 'publish', 'open', 'open', '', '1423616089', '', '', '2011-09-05 03:12:41 ', '2011-09-05 03:12:41 ', '', 0, 'http://www.opendawn.com/test/geo1/2011/09/05/1423616089/', 0, 'post', '', 0),
(1423616098, 1, '2011-09-05 03:12:43 ', '2011-09-05 03:12:43 ', 'public_building<br/>[geo_mashup_map zoom=16]<br/><small>Geo-data from OpenStreetMap. &copy; OpenStreetMap contributors. OpenStreetMap is <i>open data</i>, licensed under the <a href="http://opendatacommons.org/licenses/odbl/">Open Data Commons Open Database License</a> (ODbL)</small><br/>This entry was last updated: 2011-09-05 03:12:43 ', '松江少年鑑別所', '', 'publish', 'open', 'open', '', '1423616098', '', '', '2011-09-05 03:12:43 ', '2011-09-05 03:12:43 ', '', 0, 'http://www.opendawn.com/test/geo1/2011/09/05/1423616098/', 0, 'post', '', 0),
(1423616099, 1, '2011-09-05 03:12:43 ', '2011-09-05 03:12:43 ', 'post_office<br/>[geo_mashup_map zoom=16]<br/><small>Geo-data from OpenStreetMap. &copy; OpenStreetMap contributors. OpenStreetMap is <i>open data</i>, licensed under the <a href="http://opendatacommons.org/licenses/odbl/">Open Data Commons Open Database License</a> (ODbL)</small><br/>This entry was last updated: 2011-09-05 03:12:43 ', '松江川津郵便局', '', 'publish', 'open', 'open', '', '1423616099', '', '', '2011-09-05 03:12:43 ', '2011-09-05 03:12:43 ', '', 0, 'http://www.opendawn.com/test/geo1/2011/09/05/1423616099/', 0, 'post', '', 0),
(1423616103, 1, '2011-09-05 03:12:43 ', '2011-09-05 03:12:43 ', 'fire_station<br/>[geo_mashup_map zoom=16]<br/><small>Geo-data from OpenStreetMap. &copy; OpenStreetMap contributors. OpenStreetMap is <i>open data</i>, licensed under the <a href="http://opendatacommons.org/licenses/odbl/">Open Data Commons Open Database License</a> (ODbL)</small><br/>This entry was last updated: 2011-09-05 03:12:43 ', '松江市北消防署', '', 'publish', 'open', 'open', '', '1423616103', '', '', '2011-09-05 03:12:43 ', '2011-09-05 03:12:43 ', '', 0, 'http://www.opendawn.com/test/geo1/2011/09/05/1423616103/', 0, 'post', '', 0),
(1423616109, 1, '2011-09-05 03:12:44 ', '2011-09-05 03:12:44 ', 'fire_station<br/>[geo_mashup_map zoom=16]<br/><small>Geo-data from OpenStreetMap. &copy; OpenStreetMap contributors. OpenStreetMap is <i>open data</i>, licensed under the <a href="http://opendatacommons.org/licenses/odbl/">Open Data Commons Open Database License</a> (ODbL)</small><br/>This entry was last updated: 2011-09-05 03:12:44 ', '松江市南消防署', '', 'publish', 'open', 'open', '', '1423616109', '', '', '2011-09-05 03:12:44 ', '2011-09-05 03:12:44 ', '', 0, 'http://www.opendawn.com/test/geo1/2011/09/05/1423616109/', 0, 'post', '', 0),
(1423616113, 1, '2011-09-05 03:12:45 ', '2011-09-05 03:12:45 ', 'fire_station<br/>[geo_mashup_map zoom=16]<br/><small>Geo-data from OpenStreetMap. &copy; OpenStreetMap contributors. OpenStreetMap is <i>open data</i>, licensed under the <a href="http://opendatacommons.org/licenses/odbl/">Open Data Commons Open Database License</a> (ODbL)</small><br/>This entry was last updated: 2011-09-05 03:12:45 ', '松江市南消防署玉湯出張所', '', 'publish', 'open', 'open', '', '1423616113', '', '', '2011-09-05 03:12:45 ', '2011-09-05 03:12:45 ', '', 0, 'http://www.opendawn.com/test/geo1/2011/09/05/1423616113/', 0, 'post', '', 0),
(1423616118, 1, '2011-09-05 03:12:46 ', '2011-09-05 03:12:46 ', 'townhall<br/>[geo_mashup_map zoom=16]<br/><small>Geo-data from OpenStreetMap. &copy; OpenStreetMap contributors. OpenStreetMap is <i>open data</i>, licensed under the <a href="http://opendatacommons.org/licenses/odbl/">Open Data Commons Open Database License</a> (ODbL)</small><br/>This entry was last updated: 2011-09-05 03:12:46 ', '松江市役所', '', 'publish', 'open', 'open', '', '1423616118', '', '', '2011-09-05 03:12:46 ', '2011-09-05 03:12:46 ', '', 0, 'http://www.opendawn.com/test/geo1/2011/09/05/1423616118/', 0, 'post', '', 0),
(1423616124, 1, '2011-09-05 03:12:47 ', '2011-09-05 03:12:47 ', 'library<br/>[geo_mashup_map zoom=16]<br/><small>Geo-data from OpenStreetMap. &copy; OpenStreetMap contributors. OpenStreetMap is <i>open data</i>, licensed under the <a href="http://opendatacommons.org/licenses/odbl/">Open Data Commons Open Database License</a> (ODbL)</small><br/>This entry was last updated: 2011-09-05 03:12:47 ', '松江市立図書館', '', 'publish', 'open', 'open', '', '1423616124', '', '', '2011-09-05 03:12:47 ', '2011-09-05 03:12:47 ', '', 0, 'http://www.opendawn.com/test/geo1/2011/09/05/1423616124/', 0, 'post', '', 0),
(1423616125, 1, '2011-09-05 03:12:47 ', '2011-09-05 03:12:47 ', 'school<br/>[geo_mashup_map zoom=16]<br/><small>Geo-data from OpenStreetMap. &copy; OpenStreetMap contributors. OpenStreetMap is <i>open data</i>, licensed under the <a href="http://opendatacommons.org/licenses/odbl/">Open Data Commons Open Database License</a> (ODbL)</small><br/>This entry was last updated: 2011-09-05 03:12:47 ', '松江市立女子高等学校', '', 'publish', 'open', 'open', '', '1423616125', '', '', '2011-09-05 03:12:47 ', '2011-09-05 03:12:47 ', '', 0, 'http://www.opendawn.com/test/geo1/2011/09/05/1423616125/', 0, 'post', '', 0),
(1423616129, 1, '2011-09-05 03:12:48 ', '2011-09-05 03:12:48 ', 'post_office<br/>[geo_mashup_map zoom=16]<br/><small>Geo-data from OpenStreetMap. &copy; OpenStreetMap contributors. OpenStreetMap is <i>open data</i>, licensed under the <a href="http://opendatacommons.org/licenses/odbl/">Open Data Commons Open Database License</a> (ODbL)</small><br/>This entry was last updated: 2011-09-05 03:12:48 ', '松江春日簡易郵便局', '', 'publish', 'open', 'open', '', '1423616129', '', '', '2011-09-05 03:12:48 ', '2011-09-05 03:12:48 ', '', 0, 'http://www.opendawn.com/test/geo1/2011/09/05/1423616129/', 0, 'post', '', 0),
(1423616130, 1, '2011-09-05 03:12:48 ', '2011-09-05 03:12:48 ', 'kindergarten<br/>[geo_mashup_map zoom=16]<br/><small>Geo-data from OpenStreetMap. &copy; OpenStreetMap contributors. OpenStreetMap is <i>open data</i>, licensed under the <a href="http://opendatacommons.org/licenses/odbl/">Open Data Commons Open Database License</a> (ODbL)</small><br/>This entry was last updated: 2011-09-05 03:12:48 ', '松江暁の星幼稚園', '', 'publish', 'open', 'open', '', '1423616130', '', '', '2011-09-05 03:12:48 ', '2011-09-05 03:12:48 ', '', 0, 'http://www.opendawn.com/test/geo1/2011/09/05/1423616130/', 0, 'post', '', 0),
(1423616131, 1, '2011-09-05 03:12:48 ', '2011-09-05 03:12:48 ', 'post_office<br/>[geo_mashup_map zoom=16]<br/><small>Geo-data from OpenStreetMap. &copy; OpenStreetMap contributors. OpenStreetMap is <i>open data</i>, licensed under the <a href="http://opendatacommons.org/licenses/odbl/">Open Data Commons Open Database License</a> (ODbL)</small><br/>This entry was last updated: 2011-09-05 03:12:48 ', '松江朝酌郵便局', '', 'publish', 'open', 'open', '', '1423616131', '', '', '2011-09-05 03:12:48 ', '2011-09-05 03:12:48 ', '', 0, 'http://www.opendawn.com/test/geo1/2011/09/05/1423616131/', 0, 'post', '', 0),
(1423616132, 1, '2011-09-05 03:12:48 ', '2011-09-05 03:12:48 ', 'post_office<br/>[geo_mashup_map zoom=16]<br/><small>Geo-data from OpenStreetMap. &copy; OpenStreetMap contributors. OpenStreetMap is <i>open data</i>, licensed under the <a href="http://opendatacommons.org/licenses/odbl/">Open Data Commons Open Database License</a> (ODbL)</small><br/>This entry was last updated: 2011-09-05 03:12:48 ', '松江本郷郵便局', '', 'publish', 'open', 'open', '', '1423616132', '', '', '2011-09-05 03:12:48 ', '2011-09-05 03:12:48 ', '', 0, 'http://www.opendawn.com/test/geo1/2011/09/05/1423616132/', 0, 'post', '', 0),
(1423616133, 1, '2011-09-05 03:12:48 ', '2011-09-05 03:12:48 ', 'post_office<br/>[geo_mashup_map zoom=16]<br/><small>Geo-data from OpenStreetMap. &copy; OpenStreetMap contributors. OpenStreetMap is <i>open data</i>, licensed under the <a href="http://opendatacommons.org/licenses/odbl/">Open Data Commons Open Database License</a> (ODbL)</small><br/>This entry was last updated: 2011-09-05 03:12:48 ', '松江東奥谷簡易郵便局', '', 'publish', 'open', 'open', '', '1423616133', '', '', '2011-09-05 03:12:48 ', '2011-09-05 03:12:48 ', '', 0, 'http://www.opendawn.com/test/geo1/2011/09/05/1423616133/', 0, 'post', '', 0),
(1423616134, 1, '2011-09-05 03:12:48 ', '2011-09-05 03:12:48 ', 'post_office<br/>[geo_mashup_map zoom=16]<br/><small>Geo-data from OpenStreetMap. &copy; OpenStreetMap contributors. OpenStreetMap is <i>open data</i>, licensed under the <a href="http://opendatacommons.org/licenses/odbl/">Open Data Commons Open Database License</a> (ODbL)</small><br/>This entry was last updated: 2011-09-05 03:12:48 ', '松江東朝日郵便局', '', 'publish', 'open', 'open', '', '1423616134', '', '', '2011-09-05 03:12:48 ', '2011-09-05 03:12:48 ', '', 0, 'http://www.opendawn.com/test/geo1/2011/09/05/1423616134/', 0, 'post', '', 0),
(1423616135, 1, '2011-09-05 03:12:49 ', '2011-09-05 03:12:49 ', 'post_office<br/>[geo_mashup_map zoom=16]<br/><small>Geo-data from OpenStreetMap. &copy; OpenStreetMap contributors. OpenStreetMap is <i>open data</i>, licensed under the <a href="http://opendatacommons.org/licenses/odbl/">Open Data Commons Open Database License</a> (ODbL)</small><br/>This entry was last updated: 2011-09-05 03:12:49 ', '松江東本町郵便局', '', 'publish', 'open', 'open', '', '1423616135', '', '', '2011-09-05 03:12:49 ', '2011-09-05 03:12:49 ', '', 0, 'http://www.opendawn.com/test/geo1/2011/09/05/1423616135/', 0, 'post', '', 0),
(1423616136, 1, '2011-09-05 03:12:49 ', '2011-09-05 03:12:49 ', 'post_office<br/>[geo_mashup_map zoom=16]<br/><small>Geo-data from OpenStreetMap. &copy; OpenStreetMap contributors. OpenStreetMap is <i>open data</i>, licensed under the <a href="http://opendatacommons.org/licenses/odbl/">Open Data Commons Open Database License</a> (ODbL)</small><br/>This entry was last updated: 2011-09-05 03:12:49 ', '松江殿町郵便局', '', 'publish', 'open', 'open', '', '1423616136', '', '', '2011-09-05 03:12:49 ', '2011-09-05 03:12:49 ', '', 0, 'http://www.opendawn.com/test/geo1/2011/09/05/1423616136/', 0, 'post', '', 0),
(1423616137, 1, '2011-09-05 03:12:49 ', '2011-09-05 03:12:49 ', 'post_office<br/>[geo_mashup_map zoom=16]<br/><small>Geo-data from OpenStreetMap. &copy; OpenStreetMap contributors. OpenStreetMap is <i>open data</i>, licensed under the <a href="http://opendatacommons.org/licenses/odbl/">Open Data Commons Open Database License</a> (ODbL)</small><br/>This entry was last updated: 2011-09-05 03:12:49 ', '松江母衣郵便局', '', 'publish', 'open', 'open', '', '1423616137', '', '', '2011-09-05 03:12:49 ', '2011-09-05 03:12:49 ', '', 0, 'http://www.opendawn.com/test/geo1/2011/09/05/1423616137/', 0, 'post', '', 0),
(1423616138, 1, '2011-09-05 03:12:49 ', '2011-09-05 03:12:49 ', 'post_office<br/>[geo_mashup_map zoom=16]<br/><small>Geo-data from OpenStreetMap. &copy; OpenStreetMap contributors. OpenStreetMap is <i>open data</i>, licensed under the <a href="http://opendatacommons.org/licenses/odbl/">Open Data Commons Open Database License</a> (ODbL)</small><br/>This entry was last updated: 2011-09-05 03:12:49 ', '松江比津が丘簡易郵便局', '', 'publish', 'open', 'open', '', '1423616138', '', '', '2011-09-05 03:12:49 ', '2011-09-05 03:12:49 ', '', 0, 'http://www.opendawn.com/test/geo1/2011/09/05/1423616138/', 0, 'post', '', 0),
(1423616140, 1, '2011-09-05 03:12:49 ', '2011-09-05 03:12:49 ', 'post_office<br/>[geo_mashup_map zoom=16]<br/><small>Geo-data from OpenStreetMap. &copy; OpenStreetMap contributors. OpenStreetMap is <i>open data</i>, licensed under the <a href="http://opendatacommons.org/licenses/odbl/">Open Data Commons Open Database License</a> (ODbL)</small><br/>This entry was last updated: 2011-09-05 03:12:49 ', '松江津田郵便局', '', 'publish', 'open', 'open', '', '1423616140', '', '', '2011-09-05 03:12:49 ', '2011-09-05 03:12:49 ', '', 0, 'http://www.opendawn.com/test/geo1/2011/09/05/1423616140/', 0, 'post', '', 0),
(1423616141, 1, '2011-09-05 03:12:50 ', '2011-09-05 03:12:50 ', 'post_office<br/>[geo_mashup_map zoom=16]<br/><small>Geo-data from OpenStreetMap. &copy; OpenStreetMap contributors. OpenStreetMap is <i>open data</i>, licensed under the <a href="http://opendatacommons.org/licenses/odbl/">Open Data Commons Open Database License</a> (ODbL)</small><br/>This entry was last updated: 2011-09-05 03:12:50 ', '松江浜乃木郵便局', '', 'publish', 'open', 'open', '', '1423616141', '', '', '2011-09-05 03:12:50 ', '2011-09-05 03:12:50 ', '', 0, 'http://www.opendawn.com/test/geo1/2011/09/05/1423616141/', 0, 'post', '', 0),
(1423616142, 1, '2011-09-05 03:12:50 ', '2011-09-05 03:12:50 ', 'school<br/>[geo_mashup_map zoom=16]<br/><small>Geo-data from OpenStreetMap. &copy; OpenStreetMap contributors. OpenStreetMap is <i>open data</i>, licensed under the <a href="http://opendatacommons.org/licenses/odbl/">Open Data Commons Open Database License</a> (ODbL)</small><br/>This entry was last updated: 2011-09-05 03:12:50 ', '松江清心養護学校', '', 'publish', 'open', 'open', '', '1423616142', '', '', '2011-09-05 03:12:50 ', '2011-09-05 03:12:50 ', '', 0, 'http://www.opendawn.com/test/geo1/2011/09/05/1423616142/', 0, 'post', '', 0),
(1423616143, 1, '2011-09-05 03:12:50 ', '2011-09-05 03:12:50 ', 'hospital<br/>[geo_mashup_map zoom=16]<br/><small>Geo-data from OpenStreetMap. &copy; OpenStreetMap contributors. OpenStreetMap is <i>open data</i>, licensed under the <a href="http://opendatacommons.org/licenses/odbl/">Open Data Commons Open Database License</a> (ODbL)</small><br/>This entry was last updated: 2011-09-05 03:12:50 ', '松江生協リハビリテーション病院', '', 'publish', 'open', 'open', '', '1423616143', '', '', '2011-09-05 03:12:50 ', '2011-09-05 03:12:50 ', '', 0, 'http://www.opendawn.com/test/geo1/2011/09/05/1423616143/', 0, 'post', '', 0),
(1423616144, 1, '2011-09-05 03:12:50 ', '2011-09-05 03:12:50 ', 'post_office<br/>[geo_mashup_map zoom=16]<br/><small>Geo-data from OpenStreetMap. &copy; OpenStreetMap contributors. OpenStreetMap is <i>open data</i>, licensed under the <a href="http://opendatacommons.org/licenses/odbl/">Open Data Commons Open Database License</a> (ODbL)</small><br/>This entry was last updated: 2011-09-05 03:12:50 ', '松江生馬簡易郵便局', '', 'publish', 'open', 'open', '', '1423616144', '', '', '2011-09-05 03:12:50 ', '2011-09-05 03:12:50 ', '', 0, 'http://www.opendawn.com/test/geo1/2011/09/05/1423616144/', 0, 'post', '', 0),
(1423616146, 1, '2011-09-05 03:12:51 ', '2011-09-05 03:12:51 ', 'post_office<br/>[geo_mashup_map zoom=16]<br/><small>Geo-data from OpenStreetMap. &copy; OpenStreetMap contributors. OpenStreetMap is <i>open data</i>, licensed under the <a href="http://opendatacommons.org/licenses/odbl/">Open Data Commons Open Database License</a> (ODbL)</small><br/>This entry was last updated: 2011-09-05 03:12:51 ', '松江白潟本町郵便局', '', 'publish', 'open', 'open', '', '1423616146', '', '', '2011-09-05 03:12:51 ', '2011-09-05 03:12:51 ', '', 0, 'http://www.opendawn.com/test/geo1/2011/09/05/1423616146/', 0, 'post', '', 0),
(1423616147, 1, '2011-09-05 03:12:51 ', '2011-09-05 03:12:51 ', 'post_office<br/>[geo_mashup_map zoom=16]<br/><small>Geo-data from OpenStreetMap. &copy; OpenStreetMap contributors. OpenStreetMap is <i>open data</i>, licensed under the <a href="http://opendatacommons.org/licenses/odbl/">Open Data Commons Open Database License</a> (ODbL)</small><br/>This entry was last updated: 2011-09-05 03:12:51 ', '松江矢田簡易郵便局', '', 'publish', 'open', 'open', '', '1423616147', '', '', '2011-09-05 03:12:51 ', '2011-09-05 03:12:51 ', '', 0, 'http://www.opendawn.com/test/geo1/2011/09/05/1423616147/', 0, 'post', '', 0),
(1423616148, 1, '2011-09-05 03:12:51 ', '2011-09-05 03:12:51 ', 'public_building<br/>[geo_mashup_map zoom=16]<br/><small>Geo-data from OpenStreetMap. &copy; OpenStreetMap contributors. OpenStreetMap is <i>open data</i>, licensed under the <a href="http://opendatacommons.org/licenses/odbl/">Open Data Commons Open Database License</a> (ODbL)</small><br/>This entry was last updated: 2011-09-05 03:12:51 ', '松江社会保険事務所', '', 'publish', 'open', 'open', '', '1423616148', '', '', '2011-09-05 03:12:51 ', '2011-09-05 03:12:51 ', '', 0, 'http://www.opendawn.com/test/geo1/2011/09/05/1423616148/', 0, 'post', '', 0),
(1423616149, 1, '2011-09-05 03:12:51 ', '2011-09-05 03:12:51 ', 'post_office<br/>[geo_mashup_map zoom=16]<br/><small>Geo-data from OpenStreetMap. &copy; OpenStreetMap contributors. OpenStreetMap is <i>open data</i>, licensed under the <a href="http://opendatacommons.org/licenses/odbl/">Open Data Commons Open Database License</a> (ODbL)</small><br/>This entry was last updated: 2011-09-05 03:12:51 ', '松江竪町郵便局', '', 'publish', 'open', 'open', '', '1423616149', '', '', '2011-09-05 03:12:51 ', '2011-09-05 03:12:51 ', '', 0, 'http://www.opendawn.com/test/geo1/2011/09/05/1423616149/', 0, 'post', '', 0),
(1423616151, 1, '2011-09-05 03:12:51 ', '2011-09-05 03:12:51 ', 'school<br/>[geo_mashup_map zoom=16]<br/><small>Geo-data from OpenStreetMap. &copy; OpenStreetMap contributors. OpenStreetMap is <i>open data</i>, licensed under the <a href="http://opendatacommons.org/licenses/odbl/">Open Data Commons Open Database License</a> (ODbL)</small><br/>This entry was last updated: 2011-09-05 03:12:51 ', '松江緑が丘養護学校', '', 'publish', 'open', 'open', '', '1423616151', '', '', '2011-09-05 03:12:51 ', '2011-09-05 03:12:51 ', '', 0, 'http://www.opendawn.com/test/geo1/2011/09/05/1423616151/', 0, 'post', '', 0),
(1423616152, 1, '2011-09-05 03:12:52 ', '2011-09-05 03:12:52 ', 'hospital<br/>[geo_mashup_map zoom=16]<br/><small>Geo-data from OpenStreetMap. &copy; OpenStreetMap contributors. OpenStreetMap is <i>open data</i>, licensed under the <a href="http://opendatacommons.org/licenses/odbl/">Open Data Commons Open Database License</a> (ODbL)</small><br/>This entry was last updated: 2011-09-05 03:12:52 ', '松江記念病院', '', 'publish', 'open', 'open', '', '1423616152', '', '', '2011-09-05 03:12:52 ', '2011-09-05 03:12:52 ', '', 0, 'http://www.opendawn.com/test/geo1/2011/09/05/1423616152/', 0, 'post', '', 0),
(1423616153, 1, '2011-09-05 03:12:52 ', '2011-09-05 03:12:52 ', 'police<br/>[geo_mashup_map zoom=16]<br/><small>Geo-data from OpenStreetMap. &copy; OpenStreetMap contributors. OpenStreetMap is <i>open data</i>, licensed under the <a href="http://opendatacommons.org/licenses/odbl/">Open Data Commons Open Database License</a> (ODbL)</small><br/>This entry was last updated: 2011-09-05 03:12:52 ', '松江警察署', '', 'publish', 'open', 'open', '', '1423616153', '', '', '2011-09-05 03:12:52 ', '2011-09-05 03:12:52 ', '', 0, 'http://www.opendawn.com/test/geo1/2011/09/05/1423616153/', 0, 'post', '', 0),
(1423616155, 1, '2011-09-05 03:12:52 ', '2011-09-05 03:12:52 ', 'police<br/>[geo_mashup_map zoom=16]<br/><small>Geo-data from OpenStreetMap. &copy; OpenStreetMap contributors. OpenStreetMap is <i>open data</i>, licensed under the <a href="http://opendatacommons.org/licenses/odbl/">Open Data Commons Open Database License</a> (ODbL)</small><br/>This entry was last updated: 2011-09-05 03:12:52 ', '松江警察署乃木交番', '', 'publish', 'open', 'open', '', '1423616155', '', '', '2011-09-05 03:12:52 ', '2011-09-05 03:12:52 ', '', 0, 'http://www.opendawn.com/test/geo1/2011/09/05/1423616155/', 0, 'post', '', 0),
(1423616159, 1, '2011-09-05 03:12:53 ', '2011-09-05 03:12:53 ', 'police<br/>[geo_mashup_map zoom=16]<br/><small>Geo-data from OpenStreetMap. &copy; OpenStreetMap contributors. OpenStreetMap is <i>open data</i>, licensed under the <a href="http://opendatacommons.org/licenses/odbl/">Open Data Commons Open Database License</a> (ODbL)</small><br/>This entry was last updated: 2011-09-05 03:12:53 ', '松江警察署内中原交番', '', 'publish', 'open', 'open', '', '1423616159', '', '', '2011-09-05 03:12:53 ', '2011-09-05 03:12:53 ', '', 0, 'http://www.opendawn.com/test/geo1/2011/09/05/1423616159/', 0, 'post', '', 0),
(1423616161, 1, '2011-09-05 03:12:53 ', '2011-09-05 03:12:53 ', 'police<br/>[geo_mashup_map zoom=16]<br/><small>Geo-data from OpenStreetMap. &copy; OpenStreetMap contributors. OpenStreetMap is <i>open data</i>, licensed under the <a href="http://opendatacommons.org/licenses/odbl/">Open Data Commons Open Database License</a> (ODbL)</small><br/>This entry was last updated: 2011-09-05 03:12:53 ', '松江警察署古志原交番', '', 'publish', 'open', 'open', '', '1423616161', '', '', '2011-09-05 03:12:53 ', '2011-09-05 03:12:53 ', '', 0, 'http://www.opendawn.com/test/geo1/2011/09/05/1423616161/', 0, 'post', '', 0),
(1423616165, 1, '2011-09-05 03:12:54 ', '2011-09-05 03:12:54 ', 'police<br/>[geo_mashup_map zoom=16]<br/><small>Geo-data from OpenStreetMap. &copy; OpenStreetMap contributors. OpenStreetMap is <i>open data</i>, licensed under the <a href="http://opendatacommons.org/licenses/odbl/">Open Data Commons Open Database License</a> (ODbL)</small><br/>This entry was last updated: 2011-09-05 03:12:54 ', '松江警察署川津交番', '', 'publish', 'open', 'open', '', '1423616165', '', '', '2011-09-05 03:12:54 ', '2011-09-05 03:12:54 ', '', 0, 'http://www.opendawn.com/test/geo1/2011/09/05/1423616165/', 0, 'post', '', 0),
(1423616169, 1, '2011-09-05 03:12:54 ', '2011-09-05 03:12:54 ', 'police<br/>[geo_mashup_map zoom=16]<br/><small>Geo-data from OpenStreetMap. &copy; OpenStreetMap contributors. OpenStreetMap is <i>open data</i>, licensed under the <a href="http://opendatacommons.org/licenses/odbl/">Open Data Commons Open Database License</a> (ODbL)</small><br/>This entry was last updated: 2011-09-05 03:12:54 ', '松江警察署朝酌駐在所', '', 'publish', 'open', 'open', '', '1423616169', '', '', '2011-09-05 03:12:54 ', '2011-09-05 03:12:54 ', '', 0, 'http://www.opendawn.com/test/geo1/2011/09/05/1423616169/', 0, 'post', '', 0),
(1423616172, 1, '2012-10-27 18:26:59 ', '2012-10-27 18:26:59 ', 'police<br/>[geo_mashup_map zoom=16]<br/><small>Geo-data from OpenStreetMap. &copy; OpenStreetMap contributors. OpenStreetMap is <i>open data</i>, licensed under the <a href="http://opendatacommons.org/licenses/odbl/">Open Data Commons Open Database License</a> (ODbL)</small><br/>This entry was last updated: 2012-10-27 18:26:59 ', '松江警察署松江駅前交番', '', 'publish', 'open', 'open', '', '1423616172', '', '', '2012-10-27 18:26:59 ', '2012-10-27 18:26:59 ', '', 0, 'http://www.opendawn.com/test/geo1/2012/10/27/1423616172/', 0, 'post', '', 0),
(1423616174, 1, '2011-09-05 03:12:55 ', '2011-09-05 03:12:55 ', 'police<br/>[geo_mashup_map zoom=16]<br/><small>Geo-data from OpenStreetMap. &copy; OpenStreetMap contributors. OpenStreetMap is <i>open data</i>, licensed under the <a href="http://opendatacommons.org/licenses/odbl/">Open Data Commons Open Database License</a> (ODbL)</small><br/>This entry was last updated: 2011-09-05 03:12:55 ', '松江警察署比津交番', '', 'publish', 'open', 'open', '', '1423616174', '', '', '2011-09-05 03:12:55 ', '2011-09-05 03:12:55 ', '', 0, 'http://www.opendawn.com/test/geo1/2011/09/05/1423616174/', 0, 'post', '', 0),
(1423616175, 1, '2011-09-05 03:12:55 ', '2011-09-05 03:12:55 ', 'police<br/>[geo_mashup_map zoom=16]<br/><small>Geo-data from OpenStreetMap. &copy; OpenStreetMap contributors. OpenStreetMap is <i>open data</i>, licensed under the <a href="http://opendatacommons.org/licenses/odbl/">Open Data Commons Open Database License</a> (ODbL)</small><br/>This entry was last updated: 2011-09-05 03:12:55 ', '松江警察署津田交番', '', 'publish', 'open', 'open', '', '1423616175', '', '', '2011-09-05 03:12:55 ', '2011-09-05 03:12:55 ', '', 0, 'http://www.opendawn.com/test/geo1/2011/09/05/1423616175/', 0, 'post', '', 0),
(1423616183, 1, '2011-09-05 03:12:57 ', '2011-09-05 03:12:57 ', 'hospital<br/>[geo_mashup_map zoom=16]<br/><small>Geo-data from OpenStreetMap. &copy; OpenStreetMap contributors. OpenStreetMap is <i>open data</i>, licensed under the <a href="http://opendatacommons.org/licenses/odbl/">Open Data Commons Open Database License</a> (ODbL)</small><br/>This entry was last updated: 2011-09-05 03:12:57 ', '松江赤十字病院', '', 'publish', 'open', 'open', '', '1423616183', '', '', '2011-09-05 03:12:57 ', '2011-09-05 03:12:57 ', '', 0, 'http://www.opendawn.com/test/geo1/2011/09/05/1423616183/', 0, 'post', '', 0),
(1423616185, 1, '2011-09-05 03:12:57 ', '2011-09-05 03:12:57 ', 'school<br/>[geo_mashup_map zoom=16]<br/><small>Geo-data from OpenStreetMap. &copy; OpenStreetMap contributors. OpenStreetMap is <i>open data</i>, licensed under the <a href="http://opendatacommons.org/licenses/odbl/">Open Data Commons Open Database License</a> (ODbL)</small><br/>This entry was last updated: 2011-09-05 03:12:57 ', '松江養護学校', '', 'publish', 'open', 'open', '', '1423616185', '', '', '2011-09-05 03:12:57 ', '2011-09-05 03:12:57 ', '', 0, 'http://www.opendawn.com/test/geo1/2011/09/05/1423616185/', 0, 'post', '', 0),
(1423616425, 1, '2011-09-05 03:13:11 ', '2011-09-05 03:13:11 ', '<br/>[geo_mashup_map zoom=16]<br/><small>Geo-data from OpenStreetMap. &copy; OpenStreetMap contributors. OpenStreetMap is <i>open data</i>, licensed under the <a href="http://opendatacommons.org/licenses/odbl/">Open Data Commons Open Database License</a> (ODbL)</small><br/>This entry was last updated: 2011-09-05 03:13:11 ', '武家屋敷', '', 'publish', 'open', 'open', '', '1423616425', '', '', '2011-09-05 03:13:11 ', '2011-09-05 03:13:11 ', '', 0, 'http://www.opendawn.com/test/geo1/2011/09/05/1423616425/', 0, 'post', '', 0),
(1423616447, 1, '2011-09-05 03:13:12 ', '2011-09-05 03:13:12 ', 'kindergarten<br/>[geo_mashup_map zoom=16]<br/><small>Geo-data from OpenStreetMap. &copy; OpenStreetMap contributors. OpenStreetMap is <i>open data</i>, licensed under the <a href="http://opendatacommons.org/licenses/odbl/">Open Data Commons Open Database License</a> (ODbL)</small><br/>This entry was last updated: 2011-09-05 03:13:12 ', '母衣幼稚園', '', 'publish', 'open', 'open', '', '1423616447', '', '', '2011-09-05 03:13:12 ', '2011-09-05 03:13:12 ', '', 0, 'http://www.opendawn.com/test/geo1/2011/09/05/1423616447/', 0, 'post', '', 0),
(1423616453, 1, '2011-09-05 03:13:12 ', '2011-09-05 03:13:12 ', 'kindergarten<br/>[geo_mashup_map zoom=16]<br/><small>Geo-data from OpenStreetMap. &copy; OpenStreetMap contributors. OpenStreetMap is <i>open data</i>, licensed under the <a href="http://opendatacommons.org/licenses/odbl/">Open Data Commons Open Database License</a> (ODbL)</small><br/>This entry was last updated: 2011-09-05 03:13:12 ', '比津ケ丘保育園', '', 'publish', 'open', 'open', '', '1423616453', '', '', '2011-09-05 03:13:12 ', '2011-09-05 03:13:12 ', '', 0, 'http://www.opendawn.com/test/geo1/2011/09/05/1423616453/', 0, 'post', '', 0),
(1423616644, 1, '2011-09-05 03:13:32 ', '2011-09-05 03:13:32 ', 'kindergarten<br/>[geo_mashup_map zoom=16]<br/><small>Geo-data from OpenStreetMap. &copy; OpenStreetMap contributors. OpenStreetMap is <i>open data</i>, licensed under the <a href="http://opendatacommons.org/licenses/odbl/">Open Data Commons Open Database License</a> (ODbL)</small><br/>This entry was last updated: 2011-09-05 03:13:32 ', '法吉保育所', '', 'publish', 'open', 'open', '', '1423616644', '', '', '2011-09-05 03:13:32 ', '2011-09-05 03:13:32 ', '', 0, 'http://www.opendawn.com/test/geo1/2011/09/05/1423616644/', 0, 'post', '', 0),
(1423616800, 1, '2011-09-05 03:13:59 ', '2011-09-05 03:13:59 ', 'kindergarten<br/>[geo_mashup_map zoom=16]<br/><small>Geo-data from OpenStreetMap. &copy; OpenStreetMap contributors. OpenStreetMap is <i>open data</i>, licensed under the <a href="http://opendatacommons.org/licenses/odbl/">Open Data Commons Open Database License</a> (ODbL)</small><br/>This entry was last updated: 2011-09-05 03:13:59 ', '津田幼稚園', '', 'publish', 'open', 'open', '', '1423616800', '', '', '2011-09-05 03:13:59 ', '2011-09-05 03:13:59 ', '', 0, 'http://www.opendawn.com/test/geo1/2011/09/05/1423616800/', 0, 'post', '', 0),
(1423616929, 1, '2011-09-05 03:14:24 ', '2011-09-05 03:14:24 ', 'kindergarten<br/>[geo_mashup_map zoom=16]<br/><small>Geo-data from OpenStreetMap. &copy; OpenStreetMap contributors. OpenStreetMap is <i>open data</i>, licensed under the <a href="http://opendatacommons.org/licenses/odbl/">Open Data Commons Open Database License</a> (ODbL)</small><br/>This entry was last updated: 2011-09-05 03:14:24 ', '湯町保育園', '', 'publish', 'open', 'open', '', '1423616929', '', '', '2011-09-05 03:14:24 ', '2011-09-05 03:14:24 ', '', 0, 'http://www.opendawn.com/test/geo1/2011/09/05/1423616929/', 0, 'post', '', 0),
(1423617055, 1, '2011-09-05 03:14:46 ', '2011-09-05 03:14:46 ', 'hospital<br/>[geo_mashup_map zoom=16]<br/><small>Geo-data from OpenStreetMap. &copy; OpenStreetMap contributors. OpenStreetMap is <i>open data</i>, licensed under the <a href="http://opendatacommons.org/licenses/odbl/">Open Data Commons Open Database License</a> (ODbL)</small><br/>This entry was last updated: 2011-09-05 03:14:46 ', '玉造厚生年金病院', '', 'publish', 'open', 'open', '', '1423617055', '', '', '2011-09-05 03:14:46 ', '2011-09-05 03:14:46 ', '', 0, 'http://www.opendawn.com/test/geo1/2011/09/05/1423617055/', 0, 'post', '', 0),
(1423617181, 1, '2011-09-05 03:14:57 ', '2011-09-05 03:14:57 ', 'kindergarten<br/>[geo_mashup_map zoom=16]<br/><small>Geo-data from OpenStreetMap. &copy; OpenStreetMap contributors. OpenStreetMap is <i>open data</i>, licensed under the <a href="http://opendatacommons.org/licenses/odbl/">Open Data Commons Open Database License</a> (ODbL)</small><br/>This entry was last updated: 2011-09-05 03:14:57 ', '生馬幼稚園', '', 'publish', 'open', 'open', '', '1423617181', '', '', '2011-09-05 03:14:57 ', '2011-09-05 03:14:57 ', '', 0, 'http://www.opendawn.com/test/geo1/2011/09/05/1423617181/', 0, 'post', '', 0),
(1423617253, 1, '2011-09-05 03:15:00 ', '2011-09-05 03:15:00 ', '<br/>[geo_mashup_map zoom=16]<br/><small>Geo-data from OpenStreetMap. &copy; OpenStreetMap contributors. OpenStreetMap is <i>open data</i>, licensed under the <a href="http://opendatacommons.org/licenses/odbl/">Open Data Commons Open Database License</a> (ODbL)</small><br/>This entry was last updated: 2011-09-05 03:15:00 ', '田部美術館', '', 'publish', 'open', 'open', '', '1423617253', '', '', '2011-09-05 03:15:00 ', '2011-09-05 03:15:00 ', '', 0, 'http://www.opendawn.com/test/geo1/2011/09/05/1423617253/', 0, 'post', '', 0),
(1423618030, 1, '2011-09-05 03:15:34 ', '2011-09-05 03:15:34 ', 'kindergarten<br/>[geo_mashup_map zoom=16]<br/><small>Geo-data from OpenStreetMap. &copy; OpenStreetMap contributors. OpenStreetMap is <i>open data</i>, licensed under the <a href="http://opendatacommons.org/licenses/odbl/">Open Data Commons Open Database License</a> (ODbL)</small><br/>This entry was last updated: 2011-09-05 03:15:34 ', '白潟保育所', '', 'publish', 'open', 'open', '', '1423618030', '', '', '2011-09-05 03:15:34 ', '2011-09-05 03:15:34 ', '', 0, 'http://www.opendawn.com/test/geo1/2011/09/05/1423618030/', 0, 'post', '', 0),
(1423618098, 1, '2011-09-05 03:15:45 ', '2011-09-05 03:15:45 ', 'school<br/>[geo_mashup_map zoom=16]<br/><small>Geo-data from OpenStreetMap. &copy; OpenStreetMap contributors. OpenStreetMap is <i>open data</i>, licensed under the <a href="http://opendatacommons.org/licenses/odbl/">Open Data Commons Open Database License</a> (ODbL)</small><br/>This entry was last updated: 2011-09-05 03:15:45 ', '盲学校', '', 'publish', 'open', 'open', '', '1423618098', '', '', '2011-09-05 03:15:45 ', '2011-09-05 03:15:45 ', '', 0, 'http://www.opendawn.com/test/geo1/2011/09/05/1423618098/', 0, 'post', '', 0),
(1423618213, 1, '2011-09-05 03:15:55 ', '2011-09-05 03:15:55 ', 'school<br/>[geo_mashup_map zoom=16]<br/><small>Geo-data from OpenStreetMap. &copy; OpenStreetMap contributors. OpenStreetMap is <i>open data</i>, licensed under the <a href="http://opendatacommons.org/licenses/odbl/">Open Data Commons Open Database License</a> (ODbL)</small><br/>This entry was last updated: 2011-09-05 03:15:55 ', '県立松江北高等学校', '', 'publish', 'open', 'open', '', '1423618213', '', '', '2011-09-05 03:15:55 ', '2011-09-05 03:15:55 ', '', 0, 'http://www.opendawn.com/test/geo1/2011/09/05/1423618213/', 0, 'post', '', 0),
(1423618214, 1, '2011-09-05 03:15:56 ', '2011-09-05 03:15:56 ', 'school<br/>[geo_mashup_map zoom=16]<br/><small>Geo-data from OpenStreetMap. &copy; OpenStreetMap contributors. OpenStreetMap is <i>open data</i>, licensed under the <a href="http://opendatacommons.org/licenses/odbl/">Open Data Commons Open Database License</a> (ODbL)</small><br/>This entry was last updated: 2011-09-05 03:15:56 ', '県立松江南高等学校', '', 'publish', 'open', 'open', '', '1423618214', '', '', '2011-09-05 03:15:56 ', '2011-09-05 03:15:56 ', '', 0, 'http://www.opendawn.com/test/geo1/2011/09/05/1423618214/', 0, 'post', '', 0),
(1423618216, 1, '2011-09-05 03:15:56 ', '2011-09-05 03:15:56 ', 'school<br/>[geo_mashup_map zoom=16]<br/><small>Geo-data from OpenStreetMap. &copy; OpenStreetMap contributors. OpenStreetMap is <i>open data</i>, licensed under the <a href="http://opendatacommons.org/licenses/odbl/">Open Data Commons Open Database License</a> (ODbL)</small><br/>This entry was last updated: 2011-09-05 03:15:56 ', '県立松江商業高等学校', '', 'publish', 'open', 'open', '', '1423618216', '', '', '2011-09-05 03:15:56 ', '2011-09-05 03:15:56 ', '', 0, 'http://www.opendawn.com/test/geo1/2011/09/05/1423618216/', 0, 'post', '', 0),
(1423618217, 1, '2011-09-05 03:15:56 ', '2011-09-05 03:15:56 ', 'school<br/>[geo_mashup_map zoom=16]<br/><small>Geo-data from OpenStreetMap. &copy; OpenStreetMap contributors. OpenStreetMap is <i>open data</i>, licensed under the <a href="http://opendatacommons.org/licenses/odbl/">Open Data Commons Open Database License</a> (ODbL)</small><br/>This entry was last updated: 2011-09-05 03:15:56 ', '県立松江工業高等学校', '', 'publish', 'open', 'open', '', '1423618217', '', '', '2011-09-05 03:15:56 ', '2011-09-05 03:15:56 ', '', 0, 'http://www.opendawn.com/test/geo1/2011/09/05/1423618217/', 0, 'post', '', 0),
(1423618218, 1, '2011-09-05 03:15:56 ', '2011-09-05 03:15:56 ', 'school<br/>[geo_mashup_map zoom=16]<br/><small>Geo-data from OpenStreetMap. &copy; OpenStreetMap contributors. OpenStreetMap is <i>open data</i>, licensed under the <a href="http://opendatacommons.org/licenses/odbl/">Open Data Commons Open Database License</a> (ODbL)</small><br/>This entry was last updated: 2011-09-05 03:15:56 ', '県立松江東高等学校', '', 'publish', 'open', 'open', '', '1423618218', '', '', '2011-09-05 03:15:56 ', '2011-09-05 03:15:56 ', '', 0, 'http://www.opendawn.com/test/geo1/2011/09/05/1423618218/', 0, 'post', '', 0),
(1423618219, 1, '2011-09-05 03:15:57 ', '2011-09-05 03:15:57 ', 'school<br/>[geo_mashup_map zoom=16]<br/><small>Geo-data from OpenStreetMap. &copy; OpenStreetMap contributors. OpenStreetMap is <i>open data</i>, licensed under the <a href="http://opendatacommons.org/licenses/odbl/">Open Data Commons Open Database License</a> (ODbL)</small><br/>This entry was last updated: 2011-09-05 03:15:57 ', '県立松江農林高等学校', '', 'publish', 'open', 'open', '', '1423618219', '', '', '2011-09-05 03:15:57 ', '2011-09-05 03:15:57 ', '', 0, 'http://www.opendawn.com/test/geo1/2011/09/05/1423618219/', 0, 'post', '', 0),
(1423618784, 1, '2011-09-05 03:17:13 ', '2011-09-05 03:17:13 ', 'school<br/>[geo_mashup_map zoom=16]<br/><small>Geo-data from OpenStreetMap. &copy; OpenStreetMap contributors. OpenStreetMap is <i>open data</i>, licensed under the <a href="http://opendatacommons.org/licenses/odbl/">Open Data Commons Open Database License</a> (ODbL)</small><br/>This entry was last updated: 2011-09-05 03:17:13 ', '私立松徳学院中学校', '', 'publish', 'open', 'open', '', '1423618784', '', '', '2011-09-05 03:17:13 ', '2011-09-05 03:17:13 ', '', 0, 'http://www.opendawn.com/test/geo1/2011/09/05/1423618784/', 0, 'post', '', 0),
(1423618786, 1, '2011-09-05 03:17:13 ', '2011-09-05 03:17:13 ', 'school<br/>[geo_mashup_map zoom=16]<br/><small>Geo-data from OpenStreetMap. &copy; OpenStreetMap contributors. OpenStreetMap is <i>open data</i>, licensed under the <a href="http://opendatacommons.org/licenses/odbl/">Open Data Commons Open Database License</a> (ODbL)</small><br/>This entry was last updated: 2011-09-05 03:17:13 ', '私立松江西高等学校', '', 'publish', 'open', 'open', '', '1423618786', '', '', '2011-09-05 03:17:13 ', '2011-09-05 03:17:13 ', '', 0, 'http://www.opendawn.com/test/geo1/2011/09/05/1423618786/', 0, 'post', '', 0),
(1423618795, 1, '2011-09-05 03:17:15 ', '2011-09-05 03:17:15 ', 'school<br/>[geo_mashup_map zoom=16]<br/><small>Geo-data from OpenStreetMap. &copy; OpenStreetMap contributors. OpenStreetMap is <i>open data</i>, licensed under the <a href="http://opendatacommons.org/licenses/odbl/">Open Data Commons Open Database License</a> (ODbL)</small><br/>This entry was last updated: 2011-09-05 03:17:15 ', '私立開星中学校', '', 'publish', 'open', 'open', '', '1423618795', '', '', '2011-09-05 03:17:15 ', '2011-09-05 03:17:15 ', '', 0, 'http://www.opendawn.com/test/geo1/2011/09/05/1423618795/', 0, 'post', '', 0),
(1423618929, 1, '2011-09-05 03:17:38 ', '2011-09-05 03:17:38 ', 'hospital<br/>[geo_mashup_map zoom=16]<br/><small>Geo-data from OpenStreetMap. &copy; OpenStreetMap contributors. OpenStreetMap is <i>open data</i>, licensed under the <a href="http://opendatacommons.org/licenses/odbl/">Open Data Commons Open Database License</a> (ODbL)</small><br/>This entry was last updated: 2011-09-05 03:17:38 ', '総合病院松江生協病院', '', 'publish', 'open', 'open', '', '1423618929', '', '', '2011-09-05 03:17:38 ', '2011-09-05 03:17:38 ', '', 0, 'http://www.opendawn.com/test/geo1/2011/09/05/1423618929/', 0, 'post', '', 0),
(1423618970, 1, '2011-09-05 03:17:45 ', '2011-09-05 03:17:45 ', 'public_building<br/>[geo_mashup_map zoom=16]<br/><small>Geo-data from OpenStreetMap. &copy; OpenStreetMap contributors. OpenStreetMap is <i>open data</i>, licensed under the <a href="http://opendatacommons.org/licenses/odbl/">Open Data Commons Open Database License</a> (ODbL)</small><br/>This entry was last updated: 2011-09-05 03:17:45 ', '緑資源機構中国四国整備局松江水源林整備事務所', '', 'publish', 'open', 'open', '', '1423618970', '', '', '2011-09-05 03:17:45 ', '2011-09-05 03:17:45 ', '', 0, 'http://www.opendawn.com/test/geo1/2011/09/05/1423618970/', 0, 'post', '', 0),
(1423618971, 1, '2011-09-05 03:17:46 ', '2011-09-05 03:17:46 ', 'public_building<br/>[geo_mashup_map zoom=16]<br/><small>Geo-data from OpenStreetMap. &copy; OpenStreetMap contributors. OpenStreetMap is <i>open data</i>, licensed under the <a href="http://opendatacommons.org/licenses/odbl/">Open Data Commons Open Database License</a> (ODbL)</small><br/>This entry was last updated: 2011-09-05 03:17:46 ', '緑資源機構松江地方建設部', '', 'publish', 'open', 'open', '', '1423618971', '', '', '2011-09-05 03:17:46 ', '2011-09-05 03:17:46 ', '', 0, 'http://www.opendawn.com/test/geo1/2011/09/05/1423618971/', 0, 'post', '', 0),
(1423619084, 1, '2011-09-05 03:18:05 ', '2011-09-05 03:18:05 ', 'kindergarten<br/>[geo_mashup_map zoom=16]<br/><small>Geo-data from OpenStreetMap. &copy; OpenStreetMap contributors. OpenStreetMap is <i>open data</i>, licensed under the <a href="http://opendatacommons.org/licenses/odbl/">Open Data Commons Open Database License</a> (ODbL)</small><br/>This entry was last updated: 2011-09-05 03:18:05 ', '育英北幼稚園', '', 'publish', 'open', 'open', '', '1423619084', '', '', '2011-09-05 03:18:05 ', '2011-09-05 03:18:05 ', '', 0, 'http://www.opendawn.com/test/geo1/2011/09/05/1423619084/', 0, 'post', '', 0),
(1423619085, 1, '2011-09-05 03:18:05 ', '2011-09-05 03:18:05 ', 'kindergarten<br/>[geo_mashup_map zoom=16]<br/><small>Geo-data from OpenStreetMap. &copy; OpenStreetMap contributors. OpenStreetMap is <i>open data</i>, licensed under the <a href="http://opendatacommons.org/licenses/odbl/">Open Data Commons Open Database License</a> (ODbL)</small><br/>This entry was last updated: 2011-09-05 03:18:05 ', '育英幼稚園', '', 'publish', 'open', 'open', '', '1423619085', '', '', '2011-09-05 03:18:05 ', '2011-09-05 03:18:05 ', '', 0, 'http://www.opendawn.com/test/geo1/2011/09/05/1423619085/', 0, 'post', '', 0),
(1423619222, 1, '2011-09-05 03:18:25 ', '2011-09-05 03:18:25 ', 'kindergarten<br/>[geo_mashup_map zoom=16]<br/><small>Geo-data from OpenStreetMap. &copy; OpenStreetMap contributors. OpenStreetMap is <i>open data</i>, licensed under the <a href="http://opendatacommons.org/licenses/odbl/">Open Data Commons Open Database License</a> (ODbL)</small><br/>This entry was last updated: 2011-09-05 03:18:25 ', '虹の子保育園', '', 'publish', 'open', 'open', '', '1423619222', '', '', '2011-09-05 03:18:25 ', '2011-09-05 03:18:25 ', '', 0, 'http://www.opendawn.com/test/geo1/2011/09/05/1423619222/', 0, 'post', '', 0),
(1423619241, 1, '2011-09-05 03:18:26 ', '2011-09-05 03:18:26 ', 'kindergarten<br/>[geo_mashup_map zoom=16]<br/><small>Geo-data from OpenStreetMap. &copy; OpenStreetMap contributors. OpenStreetMap is <i>open data</i>, licensed under the <a href="http://opendatacommons.org/licenses/odbl/">Open Data Commons Open Database License</a> (ODbL)</small><br/>This entry was last updated: 2011-09-05 03:18:26 ', '袖師保育所', '', 'publish', 'open', 'open', '', '1423619241', '', '', '2011-09-05 03:18:26 ', '2011-09-05 03:18:26 ', '', 0, 'http://www.opendawn.com/test/geo1/2011/09/05/1423619241/', 0, 'post', '', 0),
(1423619400, 1, '2011-09-05 03:18:53 ', '2011-09-05 03:18:53 ', 'public_building<br/>[geo_mashup_map zoom=16]<br/><small>Geo-data from OpenStreetMap. &copy; OpenStreetMap contributors. OpenStreetMap is <i>open data</i>, licensed under the <a href="http://opendatacommons.org/licenses/odbl/">Open Data Commons Open Database License</a> (ODbL)</small><br/>This entry was last updated: 2011-09-05 03:18:53 ', '近畿中国森林管理局島根森林管理署', '', 'publish', 'open', 'open', '', '1423619400', '', '', '2011-09-05 03:18:53 ', '2011-09-05 03:18:53 ', '', 0, 'http://www.opendawn.com/test/geo1/2011/09/05/1423619400/', 0, 'post', '', 0),
(1423619727, 1, '2011-09-05 03:19:25 ', '2011-09-05 03:19:25 ', 'public_building<br/>[geo_mashup_map zoom=16]<br/><small>Geo-data from OpenStreetMap. &copy; OpenStreetMap contributors. OpenStreetMap is <i>open data</i>, licensed under the <a href="http://opendatacommons.org/licenses/odbl/">Open Data Commons Open Database License</a> (ODbL)</small><br/>This entry was last updated: 2011-09-05 03:19:25 ', '雇用・能力開発機構島根センター(島根職業能力開発促進センター)', '', 'publish', 'open', 'open', '', '1423619727', '', '', '2011-09-05 03:19:25 ', '2011-09-05 03:19:25 ', '', 0, 'http://www.opendawn.com/test/geo1/2011/09/05/1423619727/', 0, 'post', '', 0),
(1423619728, 1, '2011-09-05 03:19:25 ', '2011-09-05 03:19:25 ', 'kindergarten<br/>[geo_mashup_map zoom=16]<br/><small>Geo-data from OpenStreetMap. &copy; OpenStreetMap contributors. OpenStreetMap is <i>open data</i>, licensed under the <a href="http://opendatacommons.org/licenses/odbl/">Open Data Commons Open Database License</a> (ODbL)</small><br/>This entry was last updated: 2011-09-05 03:19:25 ', '雑賀幼稚園', '', 'publish', 'open', 'open', '', '1423619728', '', '', '2011-09-05 03:19:25 ', '2011-09-05 03:19:25 ', '', 0, 'http://www.opendawn.com/test/geo1/2011/09/05/1423619728/', 0, 'post', '', 0),
(1423619772, 1, '2011-09-05 03:19:33 ', '2011-09-05 03:19:33 ', 'hospital<br/>[geo_mashup_map zoom=16]<br/><small>Geo-data from OpenStreetMap. &copy; OpenStreetMap contributors. OpenStreetMap is <i>open data</i>, licensed under the <a href="http://opendatacommons.org/licenses/odbl/">Open Data Commons Open Database License</a> (ODbL)</small><br/>This entry was last updated: 2011-09-05 03:19:33 ', '青葉会松江青葉病院', '', 'publish', 'open', 'open', '', '1423619772', '', '', '2011-09-05 03:19:33 ', '2011-09-05 03:19:33 ', '', 0, 'http://www.opendawn.com/test/geo1/2011/09/05/1423619772/', 0, 'post', '', 0),
(1423619894, 1, '2011-09-05 03:19:54 ', '2011-09-05 03:19:54 ', 'public_building<br/>[geo_mashup_map zoom=16]<br/><small>Geo-data from OpenStreetMap. &copy; OpenStreetMap contributors. OpenStreetMap is <i>open data</i>, licensed under the <a href="http://opendatacommons.org/licenses/odbl/">Open Data Commons Open Database License</a> (ODbL)</small><br/>This entry was last updated: 2011-09-05 03:19:54 ', '高齢・障害者雇用支援機構島根障害者職業センター', '', 'publish', 'open', 'open', '', '1423619894', '', '', '2011-09-05 03:19:54 ', '2011-09-05 03:19:54 ', '', 0, 'http://www.opendawn.com/test/geo1/2011/09/05/1423619894/', 0, 'post', '', 0),
(1632520770, 1, '2012-02-14 10:45:43 ', '2012-02-14 10:45:43 ', 'social_facility<br/>[geo_mashup_map zoom=16]<br/><small>Geo-data from OpenStreetMap. &copy; OpenStreetMap contributors. OpenStreetMap is <i>open data</i>, licensed under the <a href="http://opendatacommons.org/licenses/odbl/">Open Data Commons Open Database License</a> (ODbL)</small><br/>This entry was last updated: 2012-02-14 10:45:43 ', 'しののめ寮', '', 'publish', 'open', 'open', '', '1632520770', '', '', '2012-02-14 10:45:43 ', '2012-02-14 10:45:43 ', '', 0, 'http://www.opendawn.com/test/geo1/2012/02/14/1632520770/', 0, 'post', '', 0),
(1632520977, 1, '2012-02-14 10:45:59 ', '2012-02-14 10:45:59 ', 'social_facility<br/>[geo_mashup_map zoom=16]<br/><small>Geo-data from OpenStreetMap. &copy; OpenStreetMap contributors. OpenStreetMap is <i>open data</i>, licensed under the <a href="http://opendatacommons.org/licenses/odbl/">Open Data Commons Open Database License</a> (ODbL)</small><br/>This entry was last updated: 2012-02-14 10:45:59 ', 'はなうみ苑', '', 'publish', 'open', 'open', '', '1632520977', '', '', '2012-02-14 10:45:59 ', '2012-02-14 10:45:59 ', '', 0, 'http://www.opendawn.com/test/geo1/2012/02/14/1632520977/', 0, 'post', '', 0),
(1632521257, 1, '2012-02-14 10:46:27 ', '2012-02-14 10:46:27 ', 'social_facility<br/>[geo_mashup_map zoom=16]<br/><small>Geo-data from OpenStreetMap. &copy; OpenStreetMap contributors. OpenStreetMap is <i>open data</i>, licensed under the <a href="http://opendatacommons.org/licenses/odbl/">Open Data Commons Open Database License</a> (ODbL)</small><br/>This entry was last updated: 2012-02-14 10:46:27 ', 'やすらぎの家', '', 'publish', 'open', 'open', '', '1632521257', '', '', '2012-02-14 10:46:27 ', '2012-02-14 10:46:27 ', '', 0, 'http://www.opendawn.com/test/geo1/2012/02/14/1632521257/', 0, 'post', '', 0),
(1632521258, 1, '2012-02-14 10:46:27 ', '2012-02-14 10:46:27 ', 'social_facility<br/>[geo_mashup_map zoom=16]<br/><small>Geo-data from OpenStreetMap. &copy; OpenStreetMap contributors. OpenStreetMap is <i>open data</i>, licensed under the <a href="http://opendatacommons.org/licenses/odbl/">Open Data Commons Open Database License</a> (ODbL)</small><br/>This entry was last updated: 2012-02-14 10:46:27 ', 'やすらぎの里', '', 'publish', 'open', 'open', '', '1632521258', '', '', '2012-02-14 10:46:27 ', '2012-02-14 10:46:27 ', '', 0, 'http://www.opendawn.com/test/geo1/2012/02/14/1632521258/', 0, 'post', '', 0),
(1632522067, 1, '2012-02-14 10:47:29 ', '2012-02-14 10:47:29 ', 'social_facility<br/>[geo_mashup_map zoom=16]<br/><small>Geo-data from OpenStreetMap. &copy; OpenStreetMap contributors. OpenStreetMap is <i>open data</i>, licensed under the <a href="http://opendatacommons.org/licenses/odbl/">Open Data Commons Open Database License</a> (ODbL)</small><br/>This entry was last updated: 2012-02-14 10:47:29 ', 'コーポなかよし', '', 'publish', 'open', 'open', '', '1632522067', '', '', '2012-02-14 10:47:29 ', '2012-02-14 10:47:29 ', '', 0, 'http://www.opendawn.com/test/geo1/2012/02/14/1632522067/', 0, 'post', '', 0),
(1632522252, 1, '2012-02-14 10:47:48 ', '2012-02-14 10:47:48 ', 'social_facility<br/>[geo_mashup_map zoom=16]<br/><small>Geo-data from OpenStreetMap. &copy; OpenStreetMap contributors. OpenStreetMap is <i>open data</i>, licensed under the <a href="http://opendatacommons.org/licenses/odbl/">Open Data Commons Open Database License</a> (ODbL)</small><br/>This entry was last updated: 2012-02-14 10:47:48 ', 'シリウス苑', '', 'publish', 'open', 'open', '', '1632522252', '', '', '2012-02-14 10:47:48 ', '2012-02-14 10:47:48 ', '', 0, 'http://www.opendawn.com/test/geo1/2012/02/14/1632522252/', 0, 'post', '', 0),
(1632522667, 1, '2012-02-14 10:48:07 ', '2012-02-14 10:48:07 ', 'social_facility<br/>[geo_mashup_map zoom=16]<br/><small>Geo-data from OpenStreetMap. &copy; OpenStreetMap contributors. OpenStreetMap is <i>open data</i>, licensed under the <a href="http://opendatacommons.org/licenses/odbl/">Open Data Commons Open Database License</a> (ODbL)</small><br/>This entry was last updated: 2012-02-14 10:48:07 ', 'ライトハウスライブラリー', '', 'publish', 'open', 'open', '', '1632522667', '', '', '2012-02-14 10:48:07 ', '2012-02-14 10:48:07 ', '', 0, 'http://www.opendawn.com/test/geo1/2012/02/14/1632522667/', 0, 'post', '', 0),
(1632522859, 1, '2012-02-14 10:48:16 ', '2012-02-14 10:48:16 ', 'social_facility<br/>[geo_mashup_map zoom=16]<br/><small>Geo-data from OpenStreetMap. &copy; OpenStreetMap contributors. OpenStreetMap is <i>open data</i>, licensed under the <a href="http://opendatacommons.org/licenses/odbl/">Open Data Commons Open Database License</a> (ODbL)</small><br/>This entry was last updated: 2012-02-14 10:48:16 ', 'ワークセンター島根', '', 'publish', 'open', 'open', '', '1632522859', '', '', '2012-02-14 10:48:16 ', '2012-02-14 10:48:16 ', '', 0, 'http://www.opendawn.com/test/geo1/2012/02/14/1632522859/', 0, 'post', '', 0),
(1632523380, 1, '2012-02-14 10:49:05 ', '2012-02-14 10:49:05 ', 'social_facility<br/>[geo_mashup_map zoom=16]<br/><small>Geo-data from OpenStreetMap. &copy; OpenStreetMap contributors. OpenStreetMap is <i>open data</i>, licensed under the <a href="http://opendatacommons.org/licenses/odbl/">Open Data Commons Open Database License</a> (ODbL)</small><br/>This entry was last updated: 2012-02-14 10:49:05 ', '伊勢宮児童遊園', '', 'publish', 'open', 'open', '', '1632523380', '', '', '2012-02-14 10:49:05 ', '2012-02-14 10:49:05 ', '', 0, 'http://www.opendawn.com/test/geo1/2012/02/14/1632523380/', 0, 'post', '', 0),
(1632523986, 1, '2012-02-14 10:50:09 ', '2012-02-14 10:50:09 ', 'social_facility<br/>[geo_mashup_map zoom=16]<br/><small>Geo-data from OpenStreetMap. &copy; OpenStreetMap contributors. OpenStreetMap is <i>open data</i>, licensed under the <a href="http://opendatacommons.org/licenses/odbl/">Open Data Commons Open Database License</a> (ODbL)</small><br/>This entry was last updated: 2012-02-14 10:50:09 ', '厚生年金ハートピア松江', '', 'publish', 'open', 'open', '', '1632523986', '', '', '2012-02-14 10:50:09 ', '2012-02-14 10:50:09 ', '', 0, 'http://www.opendawn.com/test/geo1/2012/02/14/1632523986/', 0, 'post', '', 0),
(1632523992, 1, '2012-02-14 10:50:11 ', '2012-02-14 10:50:11 ', 'social_facility<br/>[geo_mashup_map zoom=16]<br/><small>Geo-data from OpenStreetMap. &copy; OpenStreetMap contributors. OpenStreetMap is <i>open data</i>, licensed under the <a href="http://opendatacommons.org/licenses/odbl/">Open Data Commons Open Database License</a> (ODbL)</small><br/>This entry was last updated: 2012-02-14 10:50:11 ', '双樹学院', '', 'publish', 'open', 'open', '', '1632523992', '', '', '2012-02-14 10:50:11 ', '2012-02-14 10:50:11 ', '', 0, 'http://www.opendawn.com/test/geo1/2012/02/14/1632523992/', 0, 'post', '', 0),
(1632524651, 1, '2012-02-14 10:50:46 ', '2012-02-14 10:50:46 ', 'social_facility<br/>[geo_mashup_map zoom=16]<br/><small>Geo-data from OpenStreetMap. &copy; OpenStreetMap contributors. OpenStreetMap is <i>open data</i>, licensed under the <a href="http://opendatacommons.org/licenses/odbl/">Open Data Commons Open Database License</a> (ODbL)</small><br/>This entry was last updated: 2012-02-14 10:50:46 ', '四ツ葉園授産部', '', 'publish', 'open', 'open', '', '1632524651', '', '', '2012-02-14 10:50:46 ', '2012-02-14 10:50:46 ', '', 0, 'http://www.opendawn.com/test/geo1/2012/02/14/1632524651/', 0, 'post', '', 0),
(1632524652, 1, '2012-02-14 10:50:47 ', '2012-02-14 10:50:47 ', 'social_facility<br/>[geo_mashup_map zoom=16]<br/><small>Geo-data from OpenStreetMap. &copy; OpenStreetMap contributors. OpenStreetMap is <i>open data</i>, licensed under the <a href="http://opendatacommons.org/licenses/odbl/">Open Data Commons Open Database License</a> (ODbL)</small><br/>This entry was last updated: 2012-02-14 10:50:47 ', '四ツ葉園更生部', '', 'publish', 'open', 'open', '', '1632524652', '', '', '2012-02-14 10:50:47 ', '2012-02-14 10:50:47 ', '', 0, 'http://www.opendawn.com/test/geo1/2012/02/14/1632524652/', 0, 'post', '', 0),
(1632524909, 1, '2012-02-14 10:51:26 ', '2012-02-14 10:51:26 ', 'social_facility<br/>[geo_mashup_map zoom=16]<br/><small>Geo-data from OpenStreetMap. &copy; OpenStreetMap contributors. OpenStreetMap is <i>open data</i>, licensed under the <a href="http://opendatacommons.org/licenses/odbl/">Open Data Commons Open Database License</a> (ODbL)</small><br/>This entry was last updated: 2012-02-14 10:51:26 ', '城東児童遊園', '', 'publish', 'open', 'open', '', '1632524909', '', '', '2012-02-14 10:51:26 ', '2012-02-14 10:51:26 ', '', 0, 'http://www.opendawn.com/test/geo1/2012/02/14/1632524909/', 0, 'post', '', 0),
(1632524922, 1, '2012-02-14 10:51:30 ', '2012-02-14 10:51:30 ', 'social_facility<br/>[geo_mashup_map zoom=16]<br/><small>Geo-data from OpenStreetMap. &copy; OpenStreetMap contributors. OpenStreetMap is <i>open data</i>, licensed under the <a href="http://opendatacommons.org/licenses/odbl/">Open Data Commons Open Database License</a> (ODbL)</small><br/>This entry was last updated: 2012-02-14 10:51:30 ', '夢楽の郷', '', 'publish', 'open', 'open', '', '1632524922', '', '', '2012-02-14 10:51:30 ', '2012-02-14 10:51:30 ', '', 0, 'http://www.opendawn.com/test/geo1/2012/02/14/1632524922/', 0, 'post', '', 0),
(1632525553, 1, '2012-02-14 10:52:57 ', '2012-02-14 10:52:57 ', 'social_facility<br/>[geo_mashup_map zoom=16]<br/><small>Geo-data from OpenStreetMap. &copy; OpenStreetMap contributors. OpenStreetMap is <i>open data</i>, licensed under the <a href="http://opendatacommons.org/licenses/odbl/">Open Data Commons Open Database License</a> (ODbL)</small><br/>This entry was last updated: 2012-02-14 10:52:57 ', '島根ライトハウス', '', 'publish', 'open', 'open', '', '1632525553', '', '', '2012-02-14 10:52:57 ', '2012-02-14 10:52:57 ', '', 0, 'http://www.opendawn.com/test/geo1/2012/02/14/1632525553/', 0, 'post', '', 0),
(1632525555, 1, '2012-02-14 10:52:57 ', '2012-02-14 10:52:57 ', 'social_facility<br/>[geo_mashup_map zoom=16]<br/><small>Geo-data from OpenStreetMap. &copy; OpenStreetMap contributors. OpenStreetMap is <i>open data</i>, licensed under the <a href="http://opendatacommons.org/licenses/odbl/">Open Data Commons Open Database License</a> (ODbL)</small><br/>This entry was last updated: 2012-02-14 10:52:57 ', '島根東光学園', '', 'publish', 'open', 'open', '', '1632525555', '', '', '2012-02-14 10:52:57 ', '2012-02-14 10:52:57 ', '', 0, 'http://www.opendawn.com/test/geo1/2012/02/14/1632525555/', 0, 'post', '', 0),
(1632525622, 1, '2012-02-14 10:53:01 ', '2012-02-14 10:53:01 ', 'social_facility<br/>[geo_mashup_map zoom=16]<br/><small>Geo-data from OpenStreetMap. &copy; OpenStreetMap contributors. OpenStreetMap is <i>open data</i>, licensed under the <a href="http://opendatacommons.org/licenses/odbl/">Open Data Commons Open Database License</a> (ODbL)</small><br/>This entry was last updated: 2012-02-14 10:53:01 ', '島根県立厚生センター(晴雲寮)', '', 'publish', 'open', 'open', '', '1632525622', '', '', '2012-02-14 10:53:01 ', '2012-02-14 10:53:01 ', '', 0, 'http://www.opendawn.com/test/geo1/2012/02/14/1632525622/', 0, 'post', '', 0),
(1632525635, 1, '2012-02-14 10:53:01 ', '2012-02-14 10:53:01 ', 'social_facility<br/>[geo_mashup_map zoom=16]<br/><small>Geo-data from OpenStreetMap. &copy; OpenStreetMap contributors. OpenStreetMap is <i>open data</i>, licensed under the <a href="http://opendatacommons.org/licenses/odbl/">Open Data Commons Open Database License</a> (ODbL)</small><br/>This entry was last updated: 2012-02-14 10:53:01 ', '島根県立厚生センター(東雲寮)', '', 'publish', 'open', 'open', '', '1632525635', '', '', '2012-02-14 10:53:01 ', '2012-02-14 10:53:01 ', '', 0, 'http://www.opendawn.com/test/geo1/2012/02/14/1632525635/', 0, 'post', '', 0),
(1632525645, 1, '2012-02-14 10:53:02 ', '2012-02-14 10:53:02 ', 'social_facility<br/>[geo_mashup_map zoom=16]<br/><small>Geo-data from OpenStreetMap. &copy; OpenStreetMap contributors. OpenStreetMap is <i>open data</i>, licensed under the <a href="http://opendatacommons.org/licenses/odbl/">Open Data Commons Open Database License</a> (ODbL)</small><br/>This entry was last updated: 2012-02-14 10:53:02 ', '島根県立母子福祉センター', '', 'publish', 'open', 'open', '', '1632525645', '', '', '2012-02-14 10:53:02 ', '2012-02-14 10:53:02 ', '', 0, 'http://www.opendawn.com/test/geo1/2012/02/14/1632525645/', 0, 'post', '', 0),
(1632525651, 1, '2012-02-14 10:53:03 ', '2012-02-14 10:53:03 ', 'social_facility<br/>[geo_mashup_map zoom=16]<br/><small>Geo-data from OpenStreetMap. &copy; OpenStreetMap contributors. OpenStreetMap is <i>open data</i>, licensed under the <a href="http://opendatacommons.org/licenses/odbl/">Open Data Commons Open Database License</a> (ODbL)</small><br/>This entry was last updated: 2012-02-14 10:53:03 ', '島根県聴覚障害者情報センター', '', 'publish', 'open', 'open', '', '1632525651', '', '', '2012-02-14 10:53:03 ', '2012-02-14 10:53:03 ', '', 0, 'http://www.opendawn.com/test/geo1/2012/02/14/1632525651/', 0, 'post', '', 0),
(1632525723, 1, '2012-02-14 10:53:07 ', '2012-02-14 10:53:07 ', 'social_facility<br/>[geo_mashup_map zoom=16]<br/><small>Geo-data from OpenStreetMap. &copy; OpenStreetMap contributors. OpenStreetMap is <i>open data</i>, licensed under the <a href="http://opendatacommons.org/licenses/odbl/">Open Data Commons Open Database License</a> (ODbL)</small><br/>This entry was last updated: 2012-02-14 10:53:07 ', '希望の園', '', 'publish', 'open', 'open', '', '1632525723', '', '', '2012-02-14 10:53:07 ', '2012-02-14 10:53:07 ', '', 0, 'http://www.opendawn.com/test/geo1/2012/02/14/1632525723/', 0, 'post', '', 0),
(1632526730, 1, '2012-02-14 10:54:48 ', '2012-02-14 10:54:48 ', 'social_facility<br/>[geo_mashup_map zoom=16]<br/><small>Geo-data from OpenStreetMap. &copy; OpenStreetMap contributors. OpenStreetMap is <i>open data</i>, licensed under the <a href="http://opendatacommons.org/licenses/odbl/">Open Data Commons Open Database License</a> (ODbL)</small><br/>This entry was last updated: 2012-02-14 10:54:48 ', '松江市在宅福祉サービスセンター', '', 'publish', 'open', 'open', '', '1632526730', '', '', '2012-02-14 10:54:48 ', '2012-02-14 10:54:48 ', '', 0, 'http://www.opendawn.com/test/geo1/2012/02/14/1632526730/', 0, 'post', '', 0),
(1632526741, 1, '2012-02-14 10:54:49 ', '2012-02-14 10:54:49 ', 'social_facility<br/>[geo_mashup_map zoom=16]<br/><small>Geo-data from OpenStreetMap. &copy; OpenStreetMap contributors. OpenStreetMap is <i>open data</i>, licensed under the <a href="http://opendatacommons.org/licenses/odbl/">Open Data Commons Open Database License</a> (ODbL)</small><br/>This entry was last updated: 2012-02-14 10:54:49 ', '松江市幸町在宅介護支援センター', '', 'publish', 'open', 'open', '', '1632526741', '', '', '2012-02-14 10:54:49 ', '2012-02-14 10:54:49 ', '', 0, 'http://www.opendawn.com/test/geo1/2012/02/14/1632526741/', 0, 'post', '', 0),
(1632526759, 1, '2012-02-14 10:54:51 ', '2012-02-14 10:54:51 ', 'social_facility<br/>[geo_mashup_map zoom=16]<br/><small>Geo-data from OpenStreetMap. &copy; OpenStreetMap contributors. OpenStreetMap is <i>open data</i>, licensed under the <a href="http://opendatacommons.org/licenses/odbl/">Open Data Commons Open Database License</a> (ODbL)</small><br/>This entry was last updated: 2012-02-14 10:54:51 ', '松江市法吉在宅介護支援センター', '', 'publish', 'open', 'open', '', '1632526759', '', '', '2012-02-14 10:54:51 ', '2012-02-14 10:54:51 ', '', 0, 'http://www.opendawn.com/test/geo1/2012/02/14/1632526759/', 0, 'post', '', 0),
(1632526771, 1, '2012-02-14 10:54:51 ', '2012-02-14 10:54:51 ', 'social_facility<br/>[geo_mashup_map zoom=16]<br/><small>Geo-data from OpenStreetMap. &copy; OpenStreetMap contributors. OpenStreetMap is <i>open data</i>, licensed under the <a href="http://opendatacommons.org/licenses/odbl/">Open Data Commons Open Database License</a> (ODbL)</small><br/>This entry was last updated: 2012-02-14 10:54:51 ', '松江市津田在宅介護支援センター', '', 'publish', 'open', 'open', '', '1632526771', '', '', '2012-02-14 10:54:51 ', '2012-02-14 10:54:51 ', '', 0, 'http://www.opendawn.com/test/geo1/2012/02/14/1632526771/', 0, 'post', '', 0),
(1632526774, 1, '2012-02-14 10:54:52 ', '2012-02-14 10:54:52 ', 'social_facility<br/>[geo_mashup_map zoom=16]<br/><small>Geo-data from OpenStreetMap. &copy; OpenStreetMap contributors. OpenStreetMap is <i>open data</i>, licensed under the <a href="http://opendatacommons.org/licenses/odbl/">Open Data Commons Open Database License</a> (ODbL)</small><br/>This entry was last updated: 2012-02-14 10:54:52 ', '松江市精神障害者地域生活支援センターアクティヴよめしま', '', 'publish', 'open', 'open', '', '1632526774', '', '', '2012-02-14 10:54:52 ', '2012-02-14 10:54:52 ', '', 0, 'http://www.opendawn.com/test/geo1/2012/02/14/1632526774/', 0, 'post', '', 0),
(1632526788, 1, '2012-02-14 10:54:53 ', '2012-02-14 10:54:53 ', 'social_facility<br/>[geo_mashup_map zoom=16]<br/><small>Geo-data from OpenStreetMap. &copy; OpenStreetMap contributors. OpenStreetMap is <i>open data</i>, licensed under the <a href="http://opendatacommons.org/licenses/odbl/">Open Data Commons Open Database License</a> (ODbL)</small><br/>This entry was last updated: 2012-02-14 10:54:53 ', '松江整肢学園', '', 'publish', 'open', 'open', '', '1632526788', '', '', '2012-02-14 10:54:53 ', '2012-02-14 10:54:53 ', '', 0, 'http://www.opendawn.com/test/geo1/2012/02/14/1632526788/', 0, 'post', '', 0),
(1632526807, 1, '2012-02-14 10:54:54 ', '2012-02-14 10:54:54 ', 'social_facility<br/>[geo_mashup_map zoom=16]<br/><small>Geo-data from OpenStreetMap. &copy; OpenStreetMap contributors. OpenStreetMap is <i>open data</i>, licensed under the <a href="http://opendatacommons.org/licenses/odbl/">Open Data Commons Open Database License</a> (ODbL)</small><br/>This entry was last updated: 2012-02-14 10:54:54 ', '松江療育園', '', 'publish', 'open', 'open', '', '1632526807', '', '', '2012-02-14 10:54:54 ', '2012-02-14 10:54:54 ', '', 0, 'http://www.opendawn.com/test/geo1/2012/02/14/1632526807/', 0, 'post', '', 0),
(1632526820, 1, '2012-02-14 10:54:55 ', '2012-02-14 10:54:55 ', 'social_facility<br/>[geo_mashup_map zoom=16]<br/><small>Geo-data from OpenStreetMap. &copy; OpenStreetMap contributors. OpenStreetMap is <i>open data</i>, licensed under the <a href="http://opendatacommons.org/licenses/odbl/">Open Data Commons Open Database License</a> (ODbL)</small><br/>This entry was last updated: 2012-02-14 10:54:55 ', '松江総合運動公園西児童遊園', '', 'publish', 'open', 'open', '', '1632526820', '', '', '2012-02-14 10:54:55 ', '2012-02-14 10:54:55 ', '', 0, 'http://www.opendawn.com/test/geo1/2012/02/14/1632526820/', 0, 'post', '', 0),
(1632526829, 1, '2012-02-14 10:54:55 ', '2012-02-14 10:54:55 ', 'social_facility<br/>[geo_mashup_map zoom=16]<br/><small>Geo-data from OpenStreetMap. &copy; OpenStreetMap contributors. OpenStreetMap is <i>open data</i>, licensed under the <a href="http://opendatacommons.org/licenses/odbl/">Open Data Commons Open Database License</a> (ODbL)</small><br/>This entry was last updated: 2012-02-14 10:54:55 ', '松江赤十字乳児院', '', 'publish', 'open', 'open', '', '1632526829', '', '', '2012-02-14 10:54:55 ', '2012-02-14 10:54:55 ', '', 0, 'http://www.opendawn.com/test/geo1/2012/02/14/1632526829/', 0, 'post', '', 0),
(1632527072, 1, '2012-02-14 10:55:19 ', '2012-02-14 10:55:19 ', 'social_facility<br/>[geo_mashup_map zoom=16]<br/><small>Geo-data from OpenStreetMap. &copy; OpenStreetMap contributors. OpenStreetMap is <i>open data</i>, licensed under the <a href="http://opendatacommons.org/licenses/odbl/">Open Data Commons Open Database License</a> (ODbL)</small><br/>This entry was last updated: 2012-02-14 10:55:19 ', '泉の園', '', 'publish', 'open', 'open', '', '1632527072', '', '', '2012-02-14 10:55:19 ', '2012-02-14 10:55:19 ', '', 0, 'http://www.opendawn.com/test/geo1/2012/02/14/1632527072/', 0, 'post', '', 0),
(1632527630, 1, '2012-02-14 10:55:44 ', '2012-02-14 10:55:44 ', 'social_facility<br/>[geo_mashup_map zoom=16]<br/><small>Geo-data from OpenStreetMap. &copy; OpenStreetMap contributors. OpenStreetMap is <i>open data</i>, licensed under the <a href="http://opendatacommons.org/licenses/odbl/">Open Data Commons Open Database License</a> (ODbL)</small><br/>This entry was last updated: 2012-02-14 10:55:44 ', '浩生寮', '', 'publish', 'open', 'open', '', '1632527630', '', '', '2012-02-14 10:55:44 ', '2012-02-14 10:55:44 ', '', 0, 'http://www.opendawn.com/test/geo1/2012/02/14/1632527630/', 0, 'post', '', 0),
(1632529096, 1, '2012-02-14 10:56:42 ', '2012-02-14 10:56:42 ', 'social_facility<br/>[geo_mashup_map zoom=16]<br/><small>Geo-data from OpenStreetMap. &copy; OpenStreetMap contributors. OpenStreetMap is <i>open data</i>, licensed under the <a href="http://opendatacommons.org/licenses/odbl/">Open Data Commons Open Database License</a> (ODbL)</small><br/>This entry was last updated: 2012-02-14 10:56:42 ', '社会福祉法人しらゆり会　詔光の里', '', 'publish', 'open', 'open', '', '1632529096', '', '', '2012-02-14 10:56:42 ', '2012-02-14 10:56:42 ', '', 0, 'http://www.opendawn.com/test/geo1/2012/02/14/1632529096/', 0, 'post', '', 0),
(1632529239, 1, '2012-02-14 10:56:49 ', '2012-02-14 10:56:49 ', 'social_facility<br/>[geo_mashup_map zoom=16]<br/><small>Geo-data from OpenStreetMap. &copy; OpenStreetMap contributors. OpenStreetMap is <i>open data</i>, licensed under the <a href="http://opendatacommons.org/licenses/odbl/">Open Data Commons Open Database License</a> (ODbL)</small><br/>This entry was last updated: 2012-02-14 10:56:49 ', '社会福祉法人みずうみ　うぐいす苑', '', 'publish', 'open', 'open', '', '1632529239', '', '', '2012-02-14 10:56:49 ', '2012-02-14 10:56:49 ', '', 0, 'http://www.opendawn.com/test/geo1/2012/02/14/1632529239/', 0, 'post', '', 0),
(1632529656, 1, '2012-02-14 10:56:58 ', '2012-02-14 10:56:58 ', 'social_facility<br/>[geo_mashup_map zoom=16]<br/><small>Geo-data from OpenStreetMap. &copy; OpenStreetMap contributors. OpenStreetMap is <i>open data</i>, licensed under the <a href="http://opendatacommons.org/licenses/odbl/">Open Data Commons Open Database License</a> (ODbL)</small><br/>This entry was last updated: 2012-02-14 10:56:58 ', '社会福祉法人上口福祉会　コーポ上口', '', 'publish', 'open', 'open', '', '1632529656', '', '', '2012-02-14 10:56:58 ', '2012-02-14 10:56:58 ', '', 0, 'http://www.opendawn.com/test/geo1/2012/02/14/1632529656/', 0, 'post', '', 0),
(1632530382, 1, '2012-02-14 10:57:33 ', '2012-02-14 10:57:33 ', 'social_facility<br/>[geo_mashup_map zoom=16]<br/><small>Geo-data from OpenStreetMap. &copy; OpenStreetMap contributors. OpenStreetMap is <i>open data</i>, licensed under the <a href="http://opendatacommons.org/licenses/odbl/">Open Data Commons Open Database License</a> (ODbL)</small><br/>This entry was last updated: 2012-02-14 10:57:33 ', '社会福祉法人島根県社会福祉事業団厚生センター八雲寮', '', 'publish', 'open', 'open', '', '1632530382', '', '', '2012-02-14 10:57:33 ', '2012-02-14 10:57:33 ', '', 0, 'http://www.opendawn.com/test/geo1/2012/02/14/1632530382/', 0, 'post', '', 0),
(1632531179, 1, '2012-02-14 10:58:25 ', '2012-02-14 10:58:25 ', 'social_facility<br/>[geo_mashup_map zoom=16]<br/><small>Geo-data from OpenStreetMap. &copy; OpenStreetMap contributors. OpenStreetMap is <i>open data</i>, licensed under the <a href="http://opendatacommons.org/licenses/odbl/">Open Data Commons Open Database License</a> (ODbL)</small><br/>This entry was last updated: 2012-02-14 10:58:25 ', '社会福祉法人松江福祉公社　長命園', '', 'publish', 'open', 'open', '', '1632531179', '', '', '2012-02-14 10:58:25 ', '2012-02-14 10:58:25 ', '', 0, 'http://www.opendawn.com/test/geo1/2012/02/14/1632531179/', 0, 'post', '', 0),
(1632532179, 1, '2012-02-14 11:00:01 ', '2012-02-14 11:00:01 ', 'social_facility<br/>[geo_mashup_map zoom=16]<br/><small>Geo-data from OpenStreetMap. &copy; OpenStreetMap contributors. OpenStreetMap is <i>open data</i>, licensed under the <a href="http://opendatacommons.org/licenses/odbl/">Open Data Commons Open Database License</a> (ODbL)</small><br/>This entry was last updated: 2012-02-14 11:00:01 ', '美月東児童遊園', '', 'publish', 'open', 'open', '', '1632532179', '', '', '2012-02-14 11:00:01 ', '2012-02-14 11:00:01 ', '', 0, 'http://www.opendawn.com/test/geo1/2012/02/14/1632532179/', 0, 'post', '', 0),
(1632532438, 1, '2012-02-14 11:00:17 ', '2012-02-14 11:00:17 ', 'social_facility<br/>[geo_mashup_map zoom=16]<br/><small>Geo-data from OpenStreetMap. &copy; OpenStreetMap contributors. OpenStreetMap is <i>open data</i>, licensed under the <a href="http://opendatacommons.org/licenses/odbl/">Open Data Commons Open Database License</a> (ODbL)</small><br/>This entry was last updated: 2012-02-14 11:00:17 ', '若草園', '', 'publish', 'open', 'open', '', '1632532438', '', '', '2012-02-14 11:00:17 ', '2012-02-14 11:00:17 ', '', 0, 'http://www.opendawn.com/test/geo1/2012/02/14/1632532438/', 0, 'post', '', 0),
(1632533116, 1, '2012-02-14 11:00:47 ', '2012-02-14 11:00:47 ', 'social_facility<br/>[geo_mashup_map zoom=16]<br/><small>Geo-data from OpenStreetMap. &copy; OpenStreetMap contributors. OpenStreetMap is <i>open data</i>, licensed under the <a href="http://opendatacommons.org/licenses/odbl/">Open Data Commons Open Database License</a> (ODbL)</small><br/>This entry was last updated: 2012-02-14 11:00:47 ', '財団法人松江市福祉事業団松江市総合福祉センター', '', 'publish', 'open', 'open', '', '1632533116', '', '', '2012-02-14 11:00:47 ', '2012-02-14 11:00:47 ', '', 0, 'http://www.opendawn.com/test/geo1/2012/02/14/1632533116/', 0, 'post', '', 0),
(1685755457, 1, '2012-03-22 10:44:04 ', '2012-03-22 10:44:04 ', 'supermarket<br/>[geo_mashup_map zoom=16]<br/><small>Geo-data from OpenStreetMap. &copy; OpenStreetMap contributors. OpenStreetMap is <i>open data</i>, licensed under the <a href="http://opendatacommons.org/licenses/odbl/">Open Data Commons Open Database License</a> (ODbL)</small><br/>This entry was last updated: 2012-03-22 10:44:04 ', 'やよい川津', '', 'publish', 'open', 'open', '', '1685755457', '', '', '2012-03-22 10:44:04 ', '2012-03-22 10:44:04 ', '', 0, 'http://www.opendawn.com/test/geo1/2012/03/22/1685755457/', 0, 'post', '', 0),
(1707614314, 1, '2012-04-08 20:04:49 ', '2012-04-08 20:04:49 ', 'post_office<br/>[geo_mashup_map zoom=16]<br/><small>Geo-data from OpenStreetMap. &copy; OpenStreetMap contributors. OpenStreetMap is <i>open data</i>, licensed under the <a href="http://opendatacommons.org/licenses/odbl/">Open Data Commons Open Database License</a> (ODbL)</small><br/>This entry was last updated: 2012-04-08 20:04:49 ', '持田簡易郵便局', '', 'publish', 'open', 'open', '', '1707614314', '', '', '2012-04-08 20:04:49 ', '2012-04-08 20:04:49 ', '', 0, 'http://www.opendawn.com/test/geo1/2012/04/08/1707614314/', 0, 'post', '', 0),
(1707620083, 1, '2012-04-08 20:17:50 ', '2012-04-08 20:17:50 ', 'hospital<br/>[geo_mashup_map zoom=16]<br/><small>Geo-data from OpenStreetMap. &copy; OpenStreetMap contributors. OpenStreetMap is <i>open data</i>, licensed under the <a href="http://opendatacommons.org/licenses/odbl/">Open Data Commons Open Database License</a> (ODbL)</small><br/>This entry was last updated: 2012-04-08 20:17:50 ', '入江内科', '', 'publish', 'open', 'open', '', '1707620083', '', '', '2012-04-08 20:17:50 ', '2012-04-08 20:17:50 ', '', 0, 'http://www.opendawn.com/test/geo1/2012/04/08/1707620083/', 0, 'post', '', 0),
(1707628105, 1, '2012-04-08 20:17:50 ', '2012-04-08 20:17:50 ', 'pharmacy<br/>[geo_mashup_map zoom=16]<br/><small>Geo-data from OpenStreetMap. &copy; OpenStreetMap contributors. OpenStreetMap is <i>open data</i>, licensed under the <a href="http://opendatacommons.org/licenses/odbl/">Open Data Commons Open Database License</a> (ODbL)</small><br/>This entry was last updated: 2012-04-08 20:17:50 ', 'グリーン調剤薬局西川津店', '', 'publish', 'open', 'open', '', '1707628105', '', '', '2012-04-08 20:17:50 ', '2012-04-08 20:17:50 ', '', 0, 'http://www.opendawn.com/test/geo1/2012/04/08/1707628105/', 0, 'post', '', 0),
(1707634234, 1, '2012-04-08 20:25:37 ', '2012-04-08 20:25:37 ', 'hospital<br/>[geo_mashup_map zoom=16]<br/><small>Geo-data from OpenStreetMap. &copy; OpenStreetMap contributors. OpenStreetMap is <i>open data</i>, licensed under the <a href="http://opendatacommons.org/licenses/odbl/">Open Data Commons Open Database License</a> (ODbL)</small><br/>This entry was last updated: 2012-04-08 20:25:37 ', '田中歯科', '', 'publish', 'open', 'open', '', '1707634234', '', '', '2012-04-08 20:25:37 ', '2012-04-08 20:25:37 ', '', 0, 'http://www.opendawn.com/test/geo1/2012/04/08/1707634234/', 0, 'post', '', 0),
(1735961887, 1, '2012-04-30 02:47:20 ', '2012-04-30 02:47:20 ', '<br/>[geo_mashup_map zoom=16]<br/><small>Geo-data from OpenStreetMap. &copy; OpenStreetMap contributors. OpenStreetMap is <i>open data</i>, licensed under the <a href="http://opendatacommons.org/licenses/odbl/">Open Data Commons Open Database License</a> (ODbL)</small><br/>This entry was last updated: 2012-04-30 02:47:20 ', '松江市 (Matsue)', '', 'publish', 'open', 'open', '', '1735961887', '', '', '2012-04-30 02:47:20 ', '2012-04-30 02:47:20 ', '', 0, 'http://www.opendawn.com/test/geo1/2012/04/30/1735961887/', 0, 'post', '', 0),
(1898164889, 1, '2012-09-04 12:08:38 ', '2012-09-04 12:08:38 ', 'hospital<br/>[geo_mashup_map zoom=16]<br/><small>Geo-data from OpenStreetMap. &copy; OpenStreetMap contributors. OpenStreetMap is <i>open data</i>, licensed under the <a href="http://opendatacommons.org/licenses/odbl/">Open Data Commons Open Database License</a> (ODbL)</small><br/>This entry was last updated: 2012-09-04 12:08:38 ', '松江市立病院', '', 'publish', 'open', 'open', '', '1898164889', '', '', '2012-09-04 12:08:38 ', '2012-09-04 12:08:38 ', '', 0, 'http://www.opendawn.com/test/geo1/2012/09/04/1898164889/', 0, 'post', '', 0),
(1955926485, 1, '2012-10-10 00:44:02 ', '2012-10-10 00:44:02 ', 'convenience<br/>[geo_mashup_map zoom=16]<br/><small>Geo-data from OpenStreetMap. &copy; OpenStreetMap contributors. OpenStreetMap is <i>open data</i>, licensed under the <a href="http://opendatacommons.org/licenses/odbl/">Open Data Commons Open Database License</a> (ODbL)</small><br/>This entry was last updated: 2012-10-10 00:44:02 ', 'ローソン湖東中前店', '', 'publish', 'open', 'open', '', '1955926485', '', '', '2012-10-10 00:44:02 ', '2012-10-10 00:44:02 ', '', 0, 'http://www.opendawn.com/test/geo1/2012/10/10/1955926485/', 0, 'post', '', 0),
(1955927820, 1, '2012-10-10 00:48:01 ', '2012-10-10 00:48:01 ', 'fuel<br/>[geo_mashup_map zoom=16]<br/><small>Geo-data from OpenStreetMap. &copy; OpenStreetMap contributors. OpenStreetMap is <i>open data</i>, licensed under the <a href="http://opendatacommons.org/licenses/odbl/">Open Data Commons Open Database License</a> (ODbL)</small><br/>This entry was last updated: 2012-10-10 00:48:01 ', 'セルフステーションサンコー', '', 'publish', 'open', 'open', '', '1955927820', '', '', '2012-10-10 00:48:01 ', '2012-10-10 00:48:01 ', '', 0, 'http://www.opendawn.com/test/geo1/2012/10/10/1955927820/', 0, 'post', '', 0),
(1955928225, 1, '2012-10-10 00:50:15 ', '2012-10-10 00:50:15 ', 'doityourself<br/>[geo_mashup_map zoom=16]<br/><small>Geo-data from OpenStreetMap. &copy; OpenStreetMap contributors. OpenStreetMap is <i>open data</i>, licensed under the <a href="http://opendatacommons.org/licenses/odbl/">Open Data Commons Open Database License</a> (ODbL)</small><br/>This entry was last updated: 2012-10-10 00:50:15 ', 'ジュンテンドー山代店', '', 'publish', 'open', 'open', '', '1955928225', '', '', '2012-10-10 00:50:15 ', '2012-10-10 00:50:15 ', '', 0, 'http://www.opendawn.com/test/geo1/2012/10/10/1955928225/', 0, 'post', '', 0),
(1985941782, 1, '2012-10-27 18:26:58 ', '2012-10-27 18:26:58 ', 'conference_centre<br/>[geo_mashup_map zoom=16]<br/><small>Geo-data from OpenStreetMap. &copy; OpenStreetMap contributors. OpenStreetMap is <i>open data</i>, licensed under the <a href="http://opendatacommons.org/licenses/odbl/">Open Data Commons Open Database License</a> (ODbL)</small><br/>This entry was last updated: 2012-10-27 18:26:58 ', '松江オープンソースラボ', '', 'publish', 'open', 'open', '', '1985941782', '', '', '2012-10-27 18:26:58 ', '2012-10-27 18:26:58 ', '', 0, 'http://www.opendawn.com/test/geo1/2012/10/27/1985941782/', 0, 'post', '', 0),
(2164634232, 1, '2013-02-20 23:55:09 ', '2013-02-20 23:55:09 ', 'bank<br/>[geo_mashup_map zoom=16]<br/><small>Geo-data from OpenStreetMap. &copy; OpenStreetMap contributors. OpenStreetMap is <i>open data</i>, licensed under the <a href="http://opendatacommons.org/licenses/odbl/">Open Data Commons Open Database License</a> (ODbL)</small><br/>This entry was last updated: 2013-02-20 23:55:09 ', '山陰合同銀行・北支店', '', 'publish', 'open', 'open', '', '2164634232', '', '', '2013-02-20 23:55:09 ', '2013-02-20 23:55:09 ', '', 0, 'http://www.opendawn.com/test/geo1/2013/02/20/2164634232/', 0, 'post', '', 0),
(2164655980, 1, '2013-02-21 00:04:56 ', '2013-02-21 00:04:56 ', '<br/>[geo_mashup_map zoom=16]<br/><small>Geo-data from OpenStreetMap. &copy; OpenStreetMap contributors. OpenStreetMap is <i>open data</i>, licensed under the <a href="http://opendatacommons.org/licenses/odbl/">Open Data Commons Open Database License</a> (ODbL)</small><br/>This entry was last updated: 2013-02-21 00:04:56 ', 'ホテル白鳥', '', 'publish', 'open', 'open', '', '2164655980', '', '', '2013-02-21 00:04:56 ', '2013-02-21 00:04:56 ', '', 0, 'http://www.opendawn.com/test/geo1/2013/02/21/2164655980/', 0, 'post', '', 0);

--
-- Dumping data for table `wp_geo_mashup_locations`
--

INSERT INTO `wp_geo_mashup_locations` (`id`, `lat`, `lng`, `address`, `saved_name`, `geoname`, `postal_code`, `country_code`, `admin_code`, `sub_admin_code`, `locality_name`) VALUES
(257523578, 35.4334128, 133.0338563, '', '%E6%9D%BE%E6%B1%9F%E7%8E%89%E9%80%A0%EF%BC%A9%EF%BC%A3-257523578', NULL, '', '', '', NULL, ''),
(265970368, 35.4461810, 133.0489690, '', '%E4%B9%83%E6%9C%A8-265970368', NULL, '', '', '', NULL, ''),
(265970626, 35.4640692, 133.0638539, '', '%E6%9D%BE%E6%B1%9F-(matsue)-265970626', NULL, '', '', '', NULL, ''),
(265971754, 35.4311360, 133.0135240, '', '%E7%8E%89%E9%80%A0%E6%B8%A9%E6%B3%89-(tamatsukuri-onsen)-265971754', NULL, '', '', '', NULL, ''),
(299002445, 35.4632143, 133.0533281, '', '%E5%A4%A7%E6%A9%8B%E5%8D%97%E8%A9%B0-299002445', NULL, '', '', '', NULL, ''),
(335654738, 35.4772880, 133.0043820, '', '%E6%9D%BE%E6%B1%9F%E3%82%A4%E3%83%B3%E3%82%B0%E3%83%AA%E3%83%83%E3%82%B7%E3%83%A5%E3%82%AC%E3%83%BC%E3%83%87%E3%83%B3%E5%89%8D-335654738', NULL, '', '', '', NULL, ''),
(335654931, 35.4672070, 133.0458290, '', '%E6%9D%BE%E6%B1%9F%E3%81%97%E3%82%93%E3%81%98%E6%B9%96%E6%B8%A9%E6%B3%89-335654931', NULL, '', '', '', NULL, ''),
(874309680, 35.4334981, 133.0338068, '', '%E6%9D%BE%E6%B1%9F%E7%8E%89%E9%80%A0%EF%BC%A9%EF%BC%A3-874309680', NULL, '', '', '', NULL, ''),
(1006278149, 35.4639739, 133.0622638, '', 'lawson-1006278149', NULL, '', '', '', NULL, ''),
(1009513807, 35.4633280, 133.0530520, '', '%E9%9D%92%E6%9F%B3%E6%A5%BC%E3%81%AE%E5%A4%A7%E7%81%AF%E7%B1%A0-1009513807', NULL, '', '', '', NULL, ''),
(1009513814, 35.4599895, 133.0527493, '', '%E5%B3%B6%E6%A0%B9%E7%9C%8C%E7%AB%8B%E7%BE%8E%E8%A1%93%E9%A4%A8-1009513814', NULL, '', '', '', NULL, ''),
(1011980184, 35.4686581, 133.0508621, '', '%E6%9D%BE%E6%B1%9F%E3%83%8B%E3%83%A5%E3%83%BC%E3%82%A2%E3%83%BC%E3%83%90%E3%83%B3%E3%83%9B%E3%83%86%E3%83%AB%E6%9C%AC%E9%A4%A8-1011980184', NULL, '', '', '', NULL, ''),
(1011980186, 35.4687805, 133.0512483, '', '%E6%9D%BE%E6%B1%9F%E3%83%8B%E3%83%A5%E3%83%BC%E3%82%A2%E3%83%BC%E3%83%90%E3%83%B3%E3%83%9B%E3%83%86%E3%83%AB%E5%88%A5%E9%A4%A8-1011980186', NULL, '', '', '', NULL, ''),
(1011980187, 35.4688416, 133.0515916, '', '%E9%A0%88%E8%A1%9B%E9%83%BD%E4%B9%85%E7%A5%9E%E7%A4%BE-1011980187', NULL, '', '', '', NULL, ''),
(1012028275, 35.4792659, 133.0492190, '', '%E5%B0%8F%E6%B3%89%E5%85%AB%E9%9B%B2%E8%A8%98%E5%BF%B5%E9%A4%A8-1012028275', NULL, '', '', '', NULL, ''),
(1012042833, 35.4697721, 133.0561343, '', '%E9%9A%A0%E5%B2%90%E6%96%99%E7%90%86%E9%B6%B4%E4%B8%B8-1012042833', NULL, '', '', '', NULL, ''),
(1012042834, 35.4642739, 133.0635153, '', '%E6%9D%BE%E6%B1%9F%E8%A6%B3%E5%85%89%E6%A1%88%E5%86%85%E6%89%80-1012042834', NULL, '', '', '', NULL, ''),
(1012043015, 35.4632363, 133.0534345, '', '%E5%A4%A7%E6%A9%8B%E5%8D%97%E8%A9%B0-1012043015', NULL, '', '', '', NULL, ''),
(1022974862, 35.4727047, 133.0644089, '', '%E3%82%B1%E3%83%B3%E3%82%BF%E3%83%83%E3%82%AD%E3%83%BC%E3%83%95%E3%83%A9%E3%82%A4%E3%83%89%E3%83%81%E3%82%AD%E3%83%B3-1022974862', NULL, '', '', '', NULL, ''),
(1022975588, 35.4731241, 133.0646879, '', '%E3%83%9E%E3%82%AF%E3%83%89%E3%83%8A%E3%83%AB%E3%83%89-1022975588', NULL, '', '', '', NULL, ''),
(1423607996, 35.4393820, 133.0710570, '', '%E3%81%93%E3%81%B0%E3%81%A8%E4%BF%9D%E8%82%B2%E5%9C%92-1423607996', NULL, '', '', '', NULL, ''),
(1423608016, 35.4769050, 133.0480570, '', '%E3%81%97%E3%82%89%E3%81%A8%E3%82%8A%E4%BF%9D%E8%82%B2%E6%89%80-1423608016', NULL, '', '', '', NULL, ''),
(1423608017, 35.4396870, 133.0846120, '', '%E3%81%97%E3%82%89%E3%82%86%E3%82%8A%E4%BF%9D%E8%82%B2%E5%9C%92-1423608017', NULL, '', '', '', NULL, ''),
(1423608018, 35.4764890, 133.0572510, '', '%E3%81%97%E3%82%89%E3%82%86%E3%82%8A%E5%8D%83%E9%B3%A5%E4%BF%9D%E8%82%B2%E5%9C%92-1423608018', NULL, '', '', '', NULL, ''),
(1423608022, 35.4444650, 133.1012210, '', '%E3%81%97%E3%82%89%E3%82%86%E3%82%8A%E7%AC%AC%EF%BC%93%E4%BF%9D%E8%82%B2%E5%9C%92-1423608022', NULL, '', '', '', NULL, ''),
(1423608037, 35.4710460, 133.0709720, '', '%E3%81%9F%E3%81%BE%E3%81%A1%E4%BF%9D%E8%82%B2%E5%9C%92-1423608037', NULL, '', '', '', NULL, ''),
(1423608049, 35.4421040, 133.0801950, '', '%E3%81%AA%E3%81%8B%E3%82%88%E3%81%97%E4%BF%9D%E8%82%B2%E5%9C%92-1423608049', NULL, '', '', '', NULL, ''),
(1423608080, 35.4757930, 133.0133120, '', '%E3%81%B5%E3%81%9F%E3%81%B0%E4%BF%9D%E8%82%B2%E6%89%80-1423608080', NULL, '', '', '', NULL, ''),
(1423608099, 35.4922370, 133.0466400, '', '%E3%81%BF%E3%81%9A%E3%81%86%E3%81%BF%E4%BF%9D%E8%82%B2%E5%9C%92-1423608099', NULL, '', '', '', NULL, ''),
(1423608102, 35.4567690, 133.0652790, '', '%E3%81%BF%E3%81%A4%E3%81%8D%E4%BF%9D%E8%82%B2%E5%9C%92-1423608102', NULL, '', '', '', NULL, ''),
(1423608108, 35.4524080, 133.0597800, '', '%E3%81%BF%E3%81%A9%E3%82%8A%E4%BF%9D%E8%82%B2%E6%89%80-1423608108', NULL, '', '', '', NULL, ''),
(1423608261, 35.4758640, 133.0073460, '', '%E3%83%AB%E3%82%A4%E3%82%B9%E3%83%BB%EF%BC%A3%EF%BC%8E%E3%83%86%E3%82%A3%E3%83%95%E3%82%A1%E3%83%8B%E3%83%BC%E5%BA%AD%E5%9C%92%E7%BE%8E%E8%A1%93%E9%A4%A8-1423608261', NULL, '', '', '', NULL, ''),
(1423608385, 35.4687830, 133.0646980, '', '%E4%B8%AD%E5%9B%BD%E5%9B%9B%E5%9B%BD%E7%AE%A1%E5%8C%BA%E8%A1%8C%E6%94%BF%E8%A9%95%E4%BE%A1%E5%B1%80%E5%B3%B6%E6%A0%B9%E8%A1%8C%E6%94%BF%E8%A9%95%E4%BE%A1%E4%BA%8B%E5%8B%99%E6%89%80-1423608385', NULL, '', '', '', NULL, ''),
(1423608393, 35.4636020, 133.0713340, '', '%E4%B8%AD%E5%9B%BD%E5%9B%9B%E5%9B%BD%E8%BE%B2%E6%94%BF%E5%B1%80%E5%B3%B6%E6%A0%B9%E8%BE%B2%E6%94%BF%E4%BA%8B%E5%8B%99%E6%89%80-1423608393', NULL, '', '', '', NULL, ''),
(1423608396, 35.4688350, 133.0646390, '', '%E4%B8%AD%E5%9B%BD%E5%9B%9B%E5%9B%BD%E8%BE%B2%E6%94%BF%E5%B1%80%E5%B3%B6%E6%A0%B9%E8%BE%B2%E6%94%BF%E4%BA%8B%E5%8B%99%E6%89%80%E6%9D%BE%E6%B1%9F%E7%B5%B1%E8%A8%88%E3%83%BB%E6%83%85%E5%A0%B1%E3%82%BB%E3%83%B3%E3%82%BF%E3%83%BC-1423608396', NULL, '', '', '', NULL, ''),
(1423608415, 35.4601580, 133.0747500, '', '%E4%B8%AD%E5%9B%BD%E5%9C%B0%E6%96%B9%E6%95%B4%E5%82%99%E5%B1%80%E6%9D%BE%E6%B1%9F%E5%9B%BD%E9%81%93%E4%BA%8B%E5%8B%99%E6%89%80-1423608415', NULL, '', '', '', NULL, ''),
(1423608426, 35.4461890, 133.1121640, '', '%E4%B8%AD%E5%9B%BD%E9%81%8B%E8%BC%B8%E5%B1%80%E5%B3%B6%E6%A0%B9%E9%81%8B%E8%BC%B8%E6%94%AF%E5%B1%80-1423608426', NULL, '', '', '', NULL, ''),
(1423608433, 35.4619080, 133.0632790, '', '%E4%B8%AD%E5%A4%AE%E5%B9%BC%E7%A8%9A%E5%9C%92-1423608433', NULL, '', '', '', NULL, ''),
(1423608437, 35.4648750, 133.0623830, '', '%E4%B8%AD%E5%B0%8F%E4%BC%81%E6%A5%AD%E9%87%91%E8%9E%8D%E5%85%AC%E5%BA%AB%E6%9D%BE%E6%B1%9F%E6%94%AF%E5%BA%97-1423608437', NULL, '', '', '', NULL, ''),
(1423608468, 35.4429650, 133.0573920, '', '%E4%B9%83%E6%9C%A8%E4%BF%9D%E8%82%B2%E6%89%80-1423608468', NULL, '', '', '', NULL, ''),
(1423608636, 35.4377430, 133.0839450, '', '%E4%BB%81%E9%A2%A8%E4%BC%9A%E5%85%AB%E9%9B%B2%E7%97%85%E9%99%A2-1423608636', NULL, '', '', '', NULL, ''),
(1423609114, 35.4743500, 133.0434470, '', '%E5%86%85%E4%B8%AD%E5%8E%9F%E5%B9%BC%E7%A8%9A%E5%9C%92-1423609114', NULL, '', '', '', NULL, ''),
(1423609240, 35.4717350, 133.0522940, '', '%E5%8A%B4%E5%83%8D%E8%80%85%E5%81%A5%E5%BA%B7%E7%A6%8F%E7%A5%89%E6%A9%9F%E6%A7%8B%E5%B3%B6%E6%A0%B9%E7%94%A3%E6%A5%AD%E4%BF%9D%E5%81%A5%E6%8E%A8%E9%80%B2%E3%82%BB%E3%83%B3%E3%82%BF%E3%83%BC-1423609240', NULL, '', '', '', NULL, ''),
(1423609345, 35.4454650, 133.0805010, '', '%E5%8F%A4%E5%BF%97%E5%8E%9F%E4%BF%9D%E8%82%B2%E6%89%80-1423609345', NULL, '', '', '', NULL, ''),
(1423609346, 35.4410480, 133.0741400, '', '%E5%8F%A4%E5%BF%97%E5%8E%9F%E5%B9%BC%E7%A8%9A%E5%9C%92-1423609346', NULL, '', '', '', NULL, ''),
(1423609453, 35.4738560, 133.0541050, '', '%E5%95%86%E5%B7%A5%E7%B5%84%E5%90%88%E4%B8%AD%E5%A4%AE%E9%87%91%E5%BA%AB%E6%9D%BE%E6%B1%9F%E6%94%AF%E5%BA%97-1423609453', NULL, '', '', '', NULL, ''),
(1423609469, 35.4705340, 133.0521880, '', '%E5%9B%BD%E6%B0%91%E7%94%9F%E6%B4%BB%E9%87%91%E8%9E%8D%E5%85%AC%E5%BA%AB%E6%9D%BE%E6%B1%9F%E6%94%AF%E5%BA%97-1423609469', NULL, '', '', '', NULL, ''),
(1423609478, 35.4795170, 133.0628190, '', '%E5%9B%BD%E7%AB%8B%E5%B3%B6%E6%A0%B9%E5%A4%A7%E5%AD%A6%E6%95%99%E8%82%B2%E5%AD%A6%E9%83%A8%E9%99%84%E5%B1%9E%E4%B8%AD%E5%AD%A6%E6%A0%A1-1423609478', NULL, '', '', '', NULL, ''),
(1423609479, 35.4802670, 133.0603890, '', '%E5%9B%BD%E7%AB%8B%E5%B3%B6%E6%A0%B9%E5%A4%A7%E5%AD%A6%E6%95%99%E8%82%B2%E5%AD%A6%E9%83%A8%E9%99%84%E5%B1%9E%E5%B0%8F%E5%AD%A6%E6%A0%A1-1423609479', NULL, '', '', '', NULL, ''),
(1423609483, 35.4503810, 133.0642800, '', '%E5%9B%BD%E7%AB%8B%E7%97%85%E9%99%A2%E6%A9%9F%E6%A7%8B%E6%9D%BE%E6%B1%9F%E7%97%85%E9%99%A2-1423609483', NULL, '', '', '', NULL, ''),
(1423609527, 35.4722910, 133.0505130, '', '%E5%9C%B0%E6%96%B9%E5%85%AC%E5%8B%99%E5%93%A1%E7%81%BD%E5%AE%B3%E8%A3%9C%E5%84%9F%E5%9F%BA%E9%87%91%E5%B3%B6%E6%A0%B9%E7%9C%8C%E6%94%AF%E9%83%A8-1423609527', NULL, '', '', '', NULL, ''),
(1423609533, 35.4852100, 133.0544730, '', '%E5%9F%8E%E5%8C%97%E5%B9%BC%E7%A8%9A%E5%9C%92-1423609533', NULL, '', '', '', NULL, ''),
(1423609535, 35.4795170, 133.0672500, '', '%E5%9F%8E%E6%9D%B1%E4%BF%9D%E8%82%B2%E6%89%80-1423609535', NULL, '', '', '', NULL, ''),
(1423609606, 35.4312160, 133.0832510, '', '%E5%A4%A7%E5%BA%AD%E5%B9%BC%E7%A8%9A%E5%9C%92-1423609606', NULL, '', '', '', NULL, ''),
(1423609690, 35.4580470, 133.0655290, '', '%E5%A4%A7%E9%98%AA%E7%AE%A1%E5%8C%BA%E6%B0%97%E8%B1%A1%E5%8F%B0%E6%9D%BE%E6%B1%9F%E5%9C%B0%E6%96%B9%E6%B0%97%E8%B1%A1%E5%8F%B0-1423609690', NULL, '', '', '', NULL, ''),
(1423609855, 35.4793950, 133.0492210, '', '%E5%B0%8F%E6%B3%89%E5%85%AB%E9%9B%B2%E8%A8%98%E5%BF%B5%E9%A4%A8-1423609855', NULL, '', '', '', NULL, ''),
(1423611456, 35.4803500, 133.0604730, '', '%E5%B3%B6%E6%A0%B9%E5%A4%A7%E5%AD%A6%E6%95%99%E8%82%B2%E5%AD%A6%E9%83%A8%E9%99%84%E5%B1%9E%E5%B9%BC%E7%A8%9A%E5%9C%92-1423611456', NULL, '', '', '', NULL, ''),
(1423611462, 35.4848220, 133.0672770, '', '%E5%B3%B6%E6%A0%B9%E5%A4%A7%E5%AD%A6%EF%BC%88%E6%95%99%E8%82%B2%E5%AD%A6%E9%83%A8%EF%BC%89-1423611462', NULL, '', '', '', NULL, ''),
(1423611507, 35.4829060, 133.0767210, '', '%E5%B3%B6%E6%A0%B9%E7%9C%8C%E4%B8%AD%E5%A4%AE%E5%85%90%E7%AB%A5%E7%9B%B8%E8%AB%87%E6%89%80-1423611507', NULL, '', '', '', NULL, ''),
(1423611543, 35.4722120, 133.0505300, '', '%E5%B3%B6%E6%A0%B9%E7%9C%8C%E5%BA%81-1423611543', NULL, '', '', '', NULL, ''),
(1423611548, 35.4487150, 133.0853610, '', '%E5%B3%B6%E6%A0%B9%E7%9C%8C%E6%9D%B1%E9%83%A8%E7%9C%8C%E6%B0%91%E3%82%BB%E3%83%B3%E3%82%BF%E3%83%BC-1423611548', NULL, '', '', '', NULL, ''),
(1423611583, 35.4791000, 133.0596950, '', '%E5%B3%B6%E6%A0%B9%E7%9C%8C%E6%9D%BE%E6%B1%9F%E4%BF%9D%E5%81%A5%E6%89%80-1423611583', NULL, '', '', '', NULL, ''),
(1423611624, 35.4357370, 133.0437220, '', '%E5%B3%B6%E6%A0%B9%E7%9C%8C%E6%B6%88%E9%98%B2%E5%AD%A6%E6%A0%A1-1423611624', NULL, '', '', '', NULL, ''),
(1423611717, 35.4711560, 133.0513910, '', '%E5%B3%B6%E6%A0%B9%E7%9C%8C%E7%AB%8B%E5%8D%9A%E7%89%A9%E9%A4%A8-1423611717', NULL, '', '', '', NULL, ''),
(1423611735, 35.4731280, 133.0490580, '', '%E5%B3%B6%E6%A0%B9%E7%9C%8C%E7%AB%8B%E5%9B%B3%E6%9B%B8%E9%A4%A8-1423611735', NULL, '', '', '', NULL, ''),
(1423611753, 35.4391880, 133.0598910, '', '%E5%B3%B6%E6%A0%B9%E7%9C%8C%E7%AB%8B%E5%B3%B6%E6%A0%B9%E5%A5%B3%E5%AD%90%E7%9F%AD%E6%9C%9F%E5%A4%A7%E5%AD%A6-1423611753', NULL, '', '', '', NULL, ''),
(1423611787, 35.4595460, 133.0523630, '', '%E5%B3%B6%E6%A0%B9%E7%9C%8C%E7%AB%8B%E7%BE%8E%E8%A1%93%E9%A4%A8-1423611787', NULL, '', '', '', NULL, ''),
(1423611846, 35.4750610, 133.0142050, '', '%E5%B3%B6%E6%A0%B9%E7%9C%8C%E8%AD%A6%E5%AF%9F%E5%AD%A6%E6%A0%A1-1423611846', NULL, '', '', '', NULL, ''),
(1423611847, 35.4704340, 133.0505020, '', '%E5%B3%B6%E6%A0%B9%E7%9C%8C%E8%AD%A6%E5%AF%9F%E6%9C%AC%E9%83%A8-1423611847', NULL, '', '', '', NULL, ''),
(1423611915, 35.4780170, 133.0581670, '', '%E5%B5%A9%E8%A6%8B%E4%BF%9D%E8%82%B2%E6%89%80-1423611915', NULL, '', '', '', NULL, ''),
(1423611936, 35.4470760, 133.0642800, '', '%E5%B7%9D%E4%B8%8A%E5%A4%96%E7%A7%91%E7%97%85%E9%99%A2-1423611936', NULL, '', '', '', NULL, ''),
(1423612241, 35.4859610, 133.0763880, '', '%E5%B7%9D%E6%B4%A5%E5%B9%BC%E7%A8%9A%E5%9C%92-1423612241', NULL, '', '', '', NULL, ''),
(1423612442, 35.4617410, 133.0637510, '', '%E5%B8%82%E7%AB%8B%E4%B8%AD%E5%A4%AE%E5%B0%8F%E5%AD%A6%E6%A0%A1-1423612442', NULL, '', '', '', NULL, ''),
(1423612499, 35.4447700, 133.0544470, '', '%E5%B8%82%E7%AB%8B%E4%B9%83%E6%9C%A8%E5%B0%8F%E5%AD%A6%E6%A0%A1-1423612499', NULL, '', '', '', NULL, ''),
(1423612803, 35.4719890, 133.0467800, '', '%E5%B8%82%E7%AB%8B%E5%86%85%E4%B8%AD%E5%8E%9F%E5%B0%8F%E5%AD%A6%E6%A0%A1-1423612803', NULL, '', '', '', NULL, ''),
(1423612988, 35.4414650, 133.0753620, '', '%E5%B8%82%E7%AB%8B%E5%8F%A4%E5%BF%97%E5%8E%9F%E5%B0%8F%E5%AD%A6%E6%A0%A1-1423612988', NULL, '', '', '', NULL, ''),
(1423613149, 35.4855990, 133.0535570, '', '%E5%B8%82%E7%AB%8B%E5%9F%8E%E5%8C%97%E5%B0%8F%E5%AD%A6%E6%A0%A1-1423613149', NULL, '', '', '', NULL, ''),
(1423613265, 35.4316050, 133.0806960, '', '%E5%B8%82%E7%AB%8B%E5%A4%A7%E5%BA%AD%E5%B0%8F%E5%AD%A6%E6%A0%A1-1423613265', NULL, '', '', '', NULL, ''),
(1423613594, 35.4870440, 133.0769710, '', '%E5%B8%82%E7%AB%8B%E5%B7%9D%E6%B4%A5%E5%B0%8F%E5%AD%A6%E6%A0%A1-1423613594', NULL, '', '', '', NULL, ''),
(1423614050, 35.4651860, 133.1048590, '', '%E5%B8%82%E7%AB%8B%E6%9C%9D%E9%85%8C%E5%B0%8F%E5%AD%A6%E6%A0%A1-1423614050', NULL, '', '', '', NULL, ''),
(1423614253, 35.4762190, 133.0655040, '', '%E5%B8%82%E7%AB%8B%E6%AF%8D%E8%A1%A3%E5%B0%8F%E5%AD%A6%E6%A0%A1-1423614253', NULL, '', '', '', NULL, ''),
(1423614336, 35.4875700, 133.0350590, '', '%E5%B8%82%E7%AB%8B%E6%B3%95%E5%90%89%E5%B0%8F%E5%AD%A6%E6%A0%A1-1423614336', NULL, '', '', '', NULL, ''),
(1423614375, 35.4575470, 133.0824440, '', '%E5%B8%82%E7%AB%8B%E6%B4%A5%E7%94%B0%E5%B0%8F%E5%AD%A6%E6%A0%A1-1423614375', NULL, '', '', '', NULL, ''),
(1423614463, 35.4349100, 133.0580310, '', '%E5%B8%82%E7%AB%8B%E6%B9%96%E5%8D%97%E4%B8%AD%E5%AD%A6%E6%A0%A1-1423614463', NULL, '', '', '', NULL, ''),
(1423614467, 35.4411320, 133.0905560, '', '%E5%B8%82%E7%AB%8B%E6%B9%96%E6%9D%B1%E4%B8%AD%E5%AD%A6%E6%A0%A1-1423614467', NULL, '', '', '', NULL, ''),
(1423614693, 35.4945140, 133.0263930, '', '%E5%B8%82%E7%AB%8B%E7%94%9F%E9%A6%AC%E5%B0%8F%E5%AD%A6%E6%A0%A1-1423614693', NULL, '', '', '', NULL, ''),
(1423615001, 35.4705720, 133.0418080, '', '%E5%B8%82%E7%AB%8B%E7%AC%AC%E4%B8%80%E4%B8%AD%E5%AD%A6%E6%A0%A1-1423615001', NULL, '', '', '', NULL, ''),
(1423615022, 35.4617690, 133.0701120, '', '%E5%B8%82%E7%AB%8B%E7%AC%AC%E4%B8%89%E4%B8%AD%E5%AD%A6%E6%A0%A1-1423615022', NULL, '', '', '', NULL, ''),
(1423615044, 35.4796560, 133.0784710, '', '%E5%B8%82%E7%AB%8B%E7%AC%AC%E4%BA%8C%E4%B8%AD%E5%AD%A6%E6%A0%A1-1423615044', NULL, '', '', '', NULL, ''),
(1423615067, 35.4508530, 133.0770010, '', '%E5%B8%82%E7%AB%8B%E7%AC%AC%E5%9B%9B%E4%B8%AD%E5%AD%A6%E6%A0%A1-1423615067', NULL, '', '', '', NULL, ''),
(1423615339, 35.4569640, 133.0613350, '', '%E5%B8%82%E7%AB%8B%E9%9B%91%E8%B3%80%E5%B0%8F%E5%AD%A6%E6%A0%A1-1423615339', NULL, '', '', '', NULL, ''),
(1423615430, 35.4319380, 133.0319780, '', '%E5%B8%83%E5%BF%97%E5%90%8D%E7%B0%A1%E6%98%93%E9%83%B5%E4%BE%BF%E5%B1%80-1423615430', NULL, '', '', '', NULL, ''),
(1423615494, 35.4415480, 133.0532810, '', '%E5%B9%BC%E4%BF%9D%E5%9C%92%E3%81%AE%E3%81%8E%E5%B9%BC%E7%A8%9A%E5%9C%92-1423615494', NULL, '', '', '', NULL, ''),
(1423615520, 35.4750170, 133.0553070, '', '%E5%BA%83%E5%B3%B6%E9%AB%98%E7%AD%89%E6%A4%9C%E5%AF%9F%E5%BA%81%E6%9D%BE%E6%B1%9F%E6%94%AF%E9%83%A8-1423615520', NULL, '', '', '', NULL, ''),
(1423615522, 35.4735450, 133.0562790, '', '%E5%BA%83%E5%B3%B6%E9%AB%98%E7%AD%89%E8%A3%81%E5%88%A4%E6%89%80%E6%9D%BE%E6%B1%9F%E6%94%AF%E9%83%A8-1423615522', NULL, '', '', '', NULL, ''),
(1423615603, 35.4585750, 133.0863050, '', '%E6%84%9B%E6%81%B5%E4%BF%9D%E8%82%B2%E5%9C%92-1423615603', NULL, '', '', '', NULL, ''),
(1423615646, 35.4652190, 133.0561570, '', '%E6%94%BE%E9%80%81%E5%A4%A7%E5%AD%A6%E5%AD%A6%E5%9C%92%E6%94%BE%E9%80%81%E5%A4%A7%E5%AD%A6%E5%B3%B6%E6%A0%B9%E5%AD%A6%E7%BF%92%E3%82%BB%E3%83%B3%E3%82%BF%E3%83%BC-1423615646', NULL, '', '', '', NULL, ''),
(1423615735, 35.4654210, 133.0656000, '', '%E6%97%A5%E6%9C%AC%E4%B8%8B%E6%B0%B4%E9%81%93%E4%BA%8B%E6%A5%AD%E5%9B%A3%E8%BF%91%E7%95%BF%E3%83%BB%E4%B8%AD%E5%9B%BD%E7%B7%8F%E5%90%88%E4%BA%8B%E5%8B%99%E6%89%80%E5%B3%B6%E6%A0%B9%E4%BA%8B%E5%8B%99%E6%89%80-1423615735', NULL, '', '', '', NULL, ''),
(1423615744, 35.4693200, 133.0670050, '', '%E6%97%A5%E6%9C%AC%E8%B2%BF%E6%98%93%E6%8C%AF%E8%88%88%E6%A9%9F%E6%A7%8B%E6%9D%BE%E6%B1%9F%E8%B2%BF%E6%98%93%E6%83%85%E5%A0%B1%E3%82%BB%E3%83%B3%E3%82%BF%E3%83%BC-1423615744', NULL, '', '', '', NULL, ''),
(1423615749, 35.4654070, 133.0660560, '', '%E6%97%A5%E6%9C%AC%E9%83%B5%E6%94%BF%E5%85%AC%E7%A4%BE%E7%9B%A3%E6%9F%BB%E5%AE%A4%E5%B3%B6%E6%A0%B9%E7%9B%A3%E6%9F%BB%E5%AE%A4-1423615749', NULL, '', '', '', NULL, ''),
(1423615751, 35.4627210, 133.0611250, '', '%E6%97%A5%E6%9C%AC%E9%83%B5%E6%94%BF%E5%85%AC%E7%A4%BE%E9%83%B5%E6%94%BF%E5%81%A5%E5%BA%B7%E7%AE%A1%E7%90%86%E3%82%BB%E3%83%B3%E3%82%BF%E3%83%BC%E6%9D%BE%E6%B1%9F%E9%83%B5%E6%94%BF%E5%81%A5%E5%BA%B7%E7%AE%A1%E7%90%86%E3%82%BB%E3%83%B3%E3%82%BF%E3%83%BC-1423615751', NULL, '', '', '', NULL, ''),
(1423615755, 35.4745210, 133.0560810, '', '%E6%97%A5%E6%9C%AC%E9%8A%80%E8%A1%8C%E6%9D%BE%E6%B1%9F%E6%94%AF%E5%BA%97-1423615755', NULL, '', '', '', NULL, ''),
(1423615815, 35.4716160, 133.0399050, '', '%E6%9C%88%E7%85%A7%E5%AF%BA%E5%AE%9D%E7%89%A9%E6%AE%BF-1423615815', NULL, '', '', '', NULL, ''),
(1423615861, 35.4658810, 133.1047760, '', '%E6%9C%9D%E9%85%8C%E5%B9%BC%E7%A8%9A%E5%9C%92-1423615861', NULL, '', '', '', NULL, ''),
(1423615891, 35.4671010, 133.0407810, '', '%E6%9C%AB%E6%AC%A1%E4%BF%9D%E8%82%B2%E6%89%80-1423615891', NULL, '', '', '', NULL, ''),
(1423615948, 35.4551030, 133.0911110, '', '%E6%9D%B1%E6%B4%A5%E7%94%B0%E5%85%90%E7%AB%A5%E9%A4%A8-1423615948', NULL, '', '', '', NULL, ''),
(1423615955, 35.4944580, 133.0311150, '', '%E6%9D%B1%E9%83%A8%E5%B3%B6%E6%A0%B9%E5%BF%83%E8%BA%AB%E9%9A%9C%E5%AE%B3%E5%8C%BB%E7%99%82%E7%A6%8F%E7%A5%89%E3%82%BB%E3%83%B3%E3%82%BF%E3%83%BC-1423615955', NULL, '', '', '', NULL, ''),
(1423615993, 35.4555750, 133.0550020, '', '%E6%9D%BE%E5%B0%BE%E4%BF%9D%E8%82%B2%E6%89%80-1423615993', NULL, '', '', '', NULL, ''),
(1423616006, 35.4545750, 133.0571410, '', '%E6%9D%BE%E5%BE%B3%E5%B9%BC%E7%A8%9A%E5%9C%92-1423616006', NULL, '', '', '', NULL, ''),
(1423616025, 35.4631020, 133.0649730, '', '%E6%9D%BE%E6%B1%9F%E3%83%8A%E3%82%B6%E3%83%AC%E3%83%B3%E4%BF%9D%E8%82%B2%E5%9C%92-1423616025', NULL, '', '', '', NULL, ''),
(1423616029, 35.4396870, 133.0645850, '', '%E6%9D%BE%E6%B1%9F%E4%B8%8A%E4%B9%83%E6%9C%A8%E9%83%B5%E4%BE%BF%E5%B1%80-1423616029', NULL, '', '', '', NULL, ''),
(1423616035, 35.4424650, 133.0801120, '', '%E6%9D%BE%E6%B1%9F%E4%B8%8A%E5%8F%A3%E7%B0%A1%E6%98%93%E9%83%B5%E4%BE%BF%E5%B1%80-1423616035', NULL, '', '', '', NULL, ''),
(1423616037, 35.4652960, 133.0662510, '', '%E6%9D%BE%E6%B1%9F%E4%B8%AD%E5%A4%AE%E9%83%B5%E4%BE%BF%E5%B1%80-1423616037', NULL, '', '', '', NULL, ''),
(1423616038, 35.4618800, 133.0772220, '', '%E6%9D%BE%E6%B1%9F%E4%BF%9D%E8%82%B2%E6%89%80-1423616038', NULL, '', '', '', NULL, ''),
(1423616041, 35.4817670, 133.0832480, '', '%E6%9D%BE%E6%B1%9F%E5%88%91%E5%8B%99%E6%89%80-1423616041', NULL, '', '', '', NULL, ''),
(1423616043, 35.4782950, 133.0545840, '', '%E6%9D%BE%E6%B1%9F%E5%8C%97%E5%A0%80%E9%83%B5%E4%BE%BF%E5%B1%80-1423616043', NULL, '', '', '', NULL, ''),
(1423616044, 35.4460760, 133.0716120, '', '%E6%9D%BE%E6%B1%9F%E5%8F%A4%E5%BF%97%E5%8E%9F%E9%83%B5%E4%BE%BF%E5%B1%80-1423616044', NULL, '', '', '', NULL, ''),
(1423616045, 35.4484090, 133.0855560, '', '%E6%9D%BE%E6%B1%9F%E5%90%88%E5%90%8C%E5%BA%81%E8%88%8E%E5%86%85%E9%83%B5%E4%BE%BF%E5%B1%80-1423616045', NULL, '', '', '', NULL, ''),
(1423616084, 35.4726330, 133.0500270, '', '%E6%9D%BE%E6%B1%9F%E5%9F%8E-1423616084', NULL, '', '', '', NULL, ''),
(1423616085, 35.4720000, 133.0442510, '', '%E6%9D%BE%E6%B1%9F%E5%9F%8E%E8%A5%BF%E9%83%B5%E4%BE%BF%E5%B1%80-1423616085', NULL, '', '', '', NULL, ''),
(1423616086, 35.4379930, 133.0863890, '', '%E6%9D%BE%E6%B1%9F%E5%A4%A7%E5%BA%AD%E9%83%B5%E4%BE%BF%E5%B1%80-1423616086', NULL, '', '', '', NULL, ''),
(1423616087, 35.4808460, 133.0588160, '', '%E6%9D%BE%E6%B1%9F%E5%A4%A7%E8%BC%AA%E9%83%B5%E4%BE%BF%E5%B1%80-1423616087', NULL, '', '', '', NULL, ''),
(1423616089, 35.4533990, 133.0511030, '', '%E6%9D%BE%E6%B1%9F%E5%AB%81%E5%B3%B6%E7%B0%A1%E6%98%93%E9%83%B5%E4%BE%BF%E5%B1%80-1423616089', NULL, '', '', '', NULL, ''),
(1423616098, 35.4762390, 133.0476130, '', '%E6%9D%BE%E6%B1%9F%E5%B0%91%E5%B9%B4%E9%91%91%E5%88%A5%E6%89%80-1423616098', NULL, '', '', '', NULL, ''),
(1423616099, 35.4862110, 133.0727770, '', '%E6%9D%BE%E6%B1%9F%E5%B7%9D%E6%B4%A5%E9%83%B5%E4%BE%BF%E5%B1%80-1423616099', NULL, '', '', '', NULL, ''),
(1423616103, 35.4722120, 133.0687220, '', '%E6%9D%BE%E6%B1%9F%E5%B8%82%E5%8C%97%E6%B6%88%E9%98%B2%E7%BD%B2-1423616103', NULL, '', '', '', NULL, ''),
(1423616109, 35.4430760, 133.0994990, '', '%E6%9D%BE%E6%B1%9F%E5%B8%82%E5%8D%97%E6%B6%88%E9%98%B2%E7%BD%B2-1423616109', NULL, '', '', '', NULL, ''),
(1423616113, 35.4312990, 133.0055640, '', '%E6%9D%BE%E6%B1%9F%E5%B8%82%E5%8D%97%E6%B6%88%E9%98%B2%E7%BD%B2%E7%8E%89%E6%B9%AF%E5%87%BA%E5%BC%B5%E6%89%80-1423616113', NULL, '', '', '', NULL, ''),
(1423616118, 35.4681010, 133.0485300, '', '%E6%9D%BE%E6%B1%9F%E5%B8%82%E5%BD%B9%E6%89%80-1423616118', NULL, '', '', '', NULL, ''),
(1423616124, 35.4584920, 133.0688520, '', '%E6%9D%BE%E6%B1%9F%E5%B8%82%E7%AB%8B%E5%9B%B3%E6%9B%B8%E9%A4%A8-1423616124', NULL, '', '', '', NULL, ''),
(1423616125, 35.4693240, 133.0911100, '', '%E6%9D%BE%E6%B1%9F%E5%B8%82%E7%AB%8B%E5%A5%B3%E5%AD%90%E9%AB%98%E7%AD%89%E5%AD%A6%E6%A0%A1-1423616125', NULL, '', '', '', NULL, ''),
(1423616129, 35.4820710, 133.0480300, '', '%E6%9D%BE%E6%B1%9F%E6%98%A5%E6%97%A5%E7%B0%A1%E6%98%93%E9%83%B5%E4%BE%BF%E5%B1%80-1423616129', NULL, '', '', '', NULL, ''),
(1423616130, 35.4742390, 133.0553350, '', '%E6%9D%BE%E6%B1%9F%E6%9A%81%E3%81%AE%E6%98%9F%E5%B9%BC%E7%A8%9A%E5%9C%92-1423616130', NULL, '', '', '', NULL, ''),
(1423616131, 35.4631220, 133.1033300, '', '%E6%9D%BE%E6%B1%9F%E6%9C%9D%E9%85%8C%E9%83%B5%E4%BE%BF%E5%B1%80-1423616131', NULL, '', '', '', NULL, ''),
(1423616132, 35.4608800, 133.0603070, '', '%E6%9D%BE%E6%B1%9F%E6%9C%AC%E9%83%B7%E9%83%B5%E4%BE%BF%E5%B1%80-1423616132', NULL, '', '', '', NULL, ''),
(1423616133, 35.4850990, 133.0566390, '', '%E6%9D%BE%E6%B1%9F%E6%9D%B1%E5%A5%A5%E8%B0%B7%E7%B0%A1%E6%98%93%E9%83%B5%E4%BE%BF%E5%B1%80-1423616133', NULL, '', '', '', NULL, ''),
(1423616134, 35.4621850, 133.0710010, '', '%E6%9D%BE%E6%B1%9F%E6%9D%B1%E6%9C%9D%E6%97%A5%E9%83%B5%E4%BE%BF%E5%B1%80-1423616134', NULL, '', '', '', NULL, ''),
(1423616135, 35.4693670, 133.0593820, '', '%E6%9D%BE%E6%B1%9F%E6%9D%B1%E6%9C%AC%E7%94%BA%E9%83%B5%E4%BE%BF%E5%B1%80-1423616135', NULL, '', '', '', NULL, ''),
(1423616136, 35.4721840, 133.0508350, '', '%E6%9D%BE%E6%B1%9F%E6%AE%BF%E7%94%BA%E9%83%B5%E4%BE%BF%E5%B1%80-1423616136', NULL, '', '', '', NULL, ''),
(1423616137, 35.4734060, 133.0569180, '', '%E6%9D%BE%E6%B1%9F%E6%AF%8D%E8%A1%A3%E9%83%B5%E4%BE%BF%E5%B1%80-1423616137', NULL, '', '', '', NULL, ''),
(1423616138, 35.4935140, 133.0396130, '', '%E6%9D%BE%E6%B1%9F%E6%AF%94%E6%B4%A5%E3%81%8C%E4%B8%98%E7%B0%A1%E6%98%93%E9%83%B5%E4%BE%BF%E5%B1%80-1423616138', NULL, '', '', '', NULL, ''),
(1423616140, 35.4576580, 133.0810560, '', '%E6%9D%BE%E6%B1%9F%E6%B4%A5%E7%94%B0%E9%83%B5%E4%BE%BF%E5%B1%80-1423616140', NULL, '', '', '', NULL, ''),
(1423616141, 35.4448260, 133.0484200, '', '%E6%9D%BE%E6%B1%9F%E6%B5%9C%E4%B9%83%E6%9C%A8%E9%83%B5%E4%BE%BF%E5%B1%80-1423616141', NULL, '', '', '', NULL, ''),
(1423616142, 35.4950410, 133.0303090, '', '%E6%9D%BE%E6%B1%9F%E6%B8%85%E5%BF%83%E9%A4%8A%E8%AD%B7%E5%AD%A6%E6%A0%A1-1423616142', NULL, '', '', '', NULL, ''),
(1423616143, 35.4316880, 133.0722800, '', '%E6%9D%BE%E6%B1%9F%E7%94%9F%E5%8D%94%E3%83%AA%E3%83%8F%E3%83%93%E3%83%AA%E3%83%86%E3%83%BC%E3%82%B7%E3%83%A7%E3%83%B3%E7%97%85%E9%99%A2-1423616143', NULL, '', '', '', NULL, ''),
(1423616144, 35.4949100, 133.0245230, '', '%E6%9D%BE%E6%B1%9F%E7%94%9F%E9%A6%AC%E7%B0%A1%E6%98%93%E9%83%B5%E4%BE%BF%E5%B1%80-1423616144', NULL, '', '', '', NULL, ''),
(1423616146, 35.4662680, 133.0555570, '', '%E6%9D%BE%E6%B1%9F%E7%99%BD%E6%BD%9F%E6%9C%AC%E7%94%BA%E9%83%B5%E4%BE%BF%E5%B1%80-1423616146', NULL, '', '', '', NULL, ''),
(1423616147, 35.4501040, 133.1038320, '', '%E6%9D%BE%E6%B1%9F%E7%9F%A2%E7%94%B0%E7%B0%A1%E6%98%93%E9%83%B5%E4%BE%BF%E5%B1%80-1423616147', NULL, '', '', '', NULL, ''),
(1423616148, 35.4634910, 133.0657230, '', '%E6%9D%BE%E6%B1%9F%E7%A4%BE%E4%BC%9A%E4%BF%9D%E9%99%BA%E4%BA%8B%E5%8B%99%E6%89%80-1423616148', NULL, '', '', '', NULL, ''),
(1423616149, 35.4586580, 133.0571960, '', '%E6%9D%BE%E6%B1%9F%E7%AB%AA%E7%94%BA%E9%83%B5%E4%BE%BF%E5%B1%80-1423616149', NULL, '', '', '', NULL, ''),
(1423616151, 35.4503530, 133.0668070, '', '%E6%9D%BE%E6%B1%9F%E7%B7%91%E3%81%8C%E4%B8%98%E9%A4%8A%E8%AD%B7%E5%AD%A6%E6%A0%A1-1423616151', NULL, '', '', '', NULL, ''),
(1423616152, 35.4484920, 133.0590580, '', '%E6%9D%BE%E6%B1%9F%E8%A8%98%E5%BF%B5%E7%97%85%E9%99%A2-1423616152', NULL, '', '', '', NULL, ''),
(1423616153, 35.4560960, 133.0501750, '', '%E6%9D%BE%E6%B1%9F%E8%AD%A6%E5%AF%9F%E7%BD%B2-1423616153', NULL, '', '', '', NULL, ''),
(1423616155, 35.4458530, 133.0551970, '', '%E6%9D%BE%E6%B1%9F%E8%AD%A6%E5%AF%9F%E7%BD%B2%E4%B9%83%E6%9C%A8%E4%BA%A4%E7%95%AA-1423616155', NULL, '', '', '', NULL, ''),
(1423616159, 35.4710450, 133.0467520, '', '%E6%9D%BE%E6%B1%9F%E8%AD%A6%E5%AF%9F%E7%BD%B2%E5%86%85%E4%B8%AD%E5%8E%9F%E4%BA%A4%E7%95%AA-1423616159', NULL, '', '', '', NULL, ''),
(1423616161, 35.4444090, 133.0785290, '', '%E6%9D%BE%E6%B1%9F%E8%AD%A6%E5%AF%9F%E7%BD%B2%E5%8F%A4%E5%BF%97%E5%8E%9F%E4%BA%A4%E7%95%AA-1423616161', NULL, '', '', '', NULL, ''),
(1423616165, 35.4832670, 133.0697770, '', '%E6%9D%BE%E6%B1%9F%E8%AD%A6%E5%AF%9F%E7%BD%B2%E5%B7%9D%E6%B4%A5%E4%BA%A4%E7%95%AA-1423616165', NULL, '', '', '', NULL, ''),
(1423616169, 35.4636510, 133.1028240, '', '%E6%9D%BE%E6%B1%9F%E8%AD%A6%E5%AF%9F%E7%BD%B2%E6%9C%9D%E9%85%8C%E9%A7%90%E5%9C%A8%E6%89%80-1423616169', NULL, '', '', '', NULL, ''),
(1423616172, 35.4638619, 133.0616627, '', '%E6%9D%BE%E6%B1%9F%E8%AD%A6%E5%AF%9F%E7%BD%B2%E6%9D%BE%E6%B1%9F%E9%A7%85%E5%89%8D%E4%BA%A4%E7%95%AA-1423616172', NULL, '', '', '', NULL, ''),
(1423616174, 35.4911810, 133.0386420, '', '%E6%9D%BE%E6%B1%9F%E8%AD%A6%E5%AF%9F%E7%BD%B2%E6%AF%94%E6%B4%A5%E4%BA%A4%E7%95%AA-1423616174', NULL, '', '', '', NULL, ''),
(1423616175, 35.4574770, 133.0813230, '', '%E6%9D%BE%E6%B1%9F%E8%AD%A6%E5%AF%9F%E7%BD%B2%E6%B4%A5%E7%94%B0%E4%BA%A4%E7%95%AA-1423616175', NULL, '', '', '', NULL, ''),
(1423616183, 35.4712120, 133.0570290, '', '%E6%9D%BE%E6%B1%9F%E8%B5%A4%E5%8D%81%E5%AD%97%E7%97%85%E9%99%A2-1423616183', NULL, '', '', '', NULL, ''),
(1423616185, 35.4799060, 133.0863590, '', '%E6%9D%BE%E6%B1%9F%E9%A4%8A%E8%AD%B7%E5%AD%A6%E6%A0%A1-1423616185', NULL, '', '', '', NULL, ''),
(1423616425, 35.4785800, 133.0506910, '', '%E6%AD%A6%E5%AE%B6%E5%B1%8B%E6%95%B7-1423616425', NULL, '', '', '', NULL, ''),
(1423616447, 35.4762120, 133.0654450, '', '%E6%AF%8D%E8%A1%A3%E5%B9%BC%E7%A8%9A%E5%9C%92-1423616447', NULL, '', '', '', NULL, ''),
(1423616453, 35.4932360, 133.0391970, '', '%E6%AF%94%E6%B4%A5%E3%82%B1%E4%B8%98%E4%BF%9D%E8%82%B2%E5%9C%92-1423616453', NULL, '', '', '', NULL, ''),
(1423616644, 35.4848210, 133.0461960, '', '%E6%B3%95%E5%90%89%E4%BF%9D%E8%82%B2%E6%89%80-1423616644', NULL, '', '', '', NULL, ''),
(1423616800, 35.4569920, 133.0814450, '', '%E6%B4%A5%E7%94%B0%E5%B9%BC%E7%A8%9A%E5%9C%92-1423616800', NULL, '', '', '', NULL, ''),
(1423616929, 35.4308550, 133.0090640, '', '%E6%B9%AF%E7%94%BA%E4%BF%9D%E8%82%B2%E5%9C%92-1423616929', NULL, '', '', '', NULL, ''),
(1423617055, 35.4311050, 133.0178400, '', '%E7%8E%89%E9%80%A0%E5%8E%9A%E7%94%9F%E5%B9%B4%E9%87%91%E7%97%85%E9%99%A2-1423617055', NULL, '', '', '', NULL, ''),
(1423617181, 35.4944860, 133.0270600, '', '%E7%94%9F%E9%A6%AC%E5%B9%BC%E7%A8%9A%E5%9C%92-1423617181', NULL, '', '', '', NULL, ''),
(1423617253, 35.4790720, 133.0495570, '', '%E7%94%B0%E9%83%A8%E7%BE%8E%E8%A1%93%E9%A4%A8-1423617253', NULL, '', '', '', NULL, ''),
(1423618030, 35.4629630, 133.0543630, '', '%E7%99%BD%E6%BD%9F%E4%BF%9D%E8%82%B2%E6%89%80-1423618030', NULL, '', '', '', NULL, ''),
(1423618098, 35.4753480, 133.0091730, '', '%E7%9B%B2%E5%AD%A6%E6%A0%A1-1423618098', NULL, '', '', '', NULL, ''),
(1423618213, 35.4796550, 133.0507790, '', '%E7%9C%8C%E7%AB%8B%E6%9D%BE%E6%B1%9F%E5%8C%97%E9%AB%98%E7%AD%89%E5%AD%A6%E6%A0%A1-1423618213', NULL, '', '', '', NULL, ''),
(1423618214, 35.4395490, 133.0697240, '', '%E7%9C%8C%E7%AB%8B%E6%9D%BE%E6%B1%9F%E5%8D%97%E9%AB%98%E7%AD%89%E5%AD%A6%E6%A0%A1-1423618214', NULL, '', '', '', NULL, ''),
(1423618216, 35.4366880, 133.0580030, '', '%E7%9C%8C%E7%AB%8B%E6%9D%BE%E6%B1%9F%E5%95%86%E6%A5%AD%E9%AB%98%E7%AD%89%E5%AD%A6%E6%A0%A1-1423618216', NULL, '', '', '', NULL, ''),
(1423618217, 35.4431320, 133.0753340, '', '%E7%9C%8C%E7%AB%8B%E6%9D%BE%E6%B1%9F%E5%B7%A5%E6%A5%AD%E9%AB%98%E7%AD%89%E5%AD%A6%E6%A0%A1-1423618217', NULL, '', '', '', NULL, ''),
(1423618218, 35.4851000, 133.0788880, '', '%E7%9C%8C%E7%AB%8B%E6%9D%BE%E6%B1%9F%E6%9D%B1%E9%AB%98%E7%AD%89%E5%AD%A6%E6%A0%A1-1423618218', NULL, '', '', '', NULL, ''),
(1423618219, 35.4403540, 133.0478650, '', '%E7%9C%8C%E7%AB%8B%E6%9D%BE%E6%B1%9F%E8%BE%B2%E6%9E%97%E9%AB%98%E7%AD%89%E5%AD%A6%E6%A0%A1-1423618219', NULL, '', '', '', NULL, ''),
(1423618784, 35.4532690, 133.0572520, '', '%E7%A7%81%E7%AB%8B%E6%9D%BE%E5%BE%B3%E5%AD%A6%E9%99%A2%E4%B8%AD%E5%AD%A6%E6%A0%A1-1423618784', NULL, '', '', '', NULL, ''),
(1423618786, 35.4476590, 133.0579470, '', '%E7%A7%81%E7%AB%8B%E6%9D%BE%E6%B1%9F%E8%A5%BF%E9%AB%98%E7%AD%89%E5%AD%A6%E6%A0%A1-1423618786', NULL, '', '', '', NULL, ''),
(1423618795, 35.4521310, 133.0715840, '', '%E7%A7%81%E7%AB%8B%E9%96%8B%E6%98%9F%E4%B8%AD%E5%AD%A6%E6%A0%A1-1423618795', NULL, '', '', '', NULL, ''),
(1423618929, 35.4542690, 133.0675850, '', '%E7%B7%8F%E5%90%88%E7%97%85%E9%99%A2%E6%9D%BE%E6%B1%9F%E7%94%9F%E5%8D%94%E7%97%85%E9%99%A2-1423618929', NULL, '', '', '', NULL, ''),
(1423618970, 35.4753330, 133.0566120, '', '%E7%B7%91%E8%B3%87%E6%BA%90%E6%A9%9F%E6%A7%8B%E4%B8%AD%E5%9B%BD%E5%9B%9B%E5%9B%BD%E6%95%B4%E5%82%99%E5%B1%80%E6%9D%BE%E6%B1%9F%E6%B0%B4%E6%BA%90%E6%9E%97%E6%95%B4%E5%82%99%E4%BA%8B%E5%8B%99%E6%89%80-1423618970', NULL, '', '', '', NULL, ''),
(1423618971, 35.4752660, 133.0560200, '', '%E7%B7%91%E8%B3%87%E6%BA%90%E6%A9%9F%E6%A7%8B%E6%9D%BE%E6%B1%9F%E5%9C%B0%E6%96%B9%E5%BB%BA%E8%A8%AD%E9%83%A8-1423618971', NULL, '', '', '', NULL, ''),
(1423619084, 35.4921270, 133.0866920, '', '%E8%82%B2%E8%8B%B1%E5%8C%97%E5%B9%BC%E7%A8%9A%E5%9C%92-1423619084', NULL, '', '', '', NULL, ''),
(1423619085, 35.4326880, 133.0701690, '', '%E8%82%B2%E8%8B%B1%E5%B9%BC%E7%A8%9A%E5%9C%92-1423619085', NULL, '', '', '', NULL, ''),
(1423619222, 35.4542690, 133.0702230, '', '%E8%99%B9%E3%81%AE%E5%AD%90%E4%BF%9D%E8%82%B2%E5%9C%92-1423619222', NULL, '', '', '', NULL, ''),
(1423619241, 35.4477980, 133.0489200, '', '%E8%A2%96%E5%B8%AB%E4%BF%9D%E8%82%B2%E6%89%80-1423619241', NULL, '', '', '', NULL, ''),
(1423619400, 35.4739610, 133.0476410, '', '%E8%BF%91%E7%95%BF%E4%B8%AD%E5%9B%BD%E6%A3%AE%E6%9E%97%E7%AE%A1%E7%90%86%E5%B1%80%E5%B3%B6%E6%A0%B9%E6%A3%AE%E6%9E%97%E7%AE%A1%E7%90%86%E7%BD%B2-1423619400', NULL, '', '', '', NULL, ''),
(1423619727, 35.4627880, 133.0785340, '', '%E9%9B%87%E7%94%A8%E3%83%BB%E8%83%BD%E5%8A%9B%E9%96%8B%E7%99%BA%E6%A9%9F%E6%A7%8B%E5%B3%B6%E6%A0%B9%E3%82%BB%E3%83%B3%E3%82%BF%E3%83%BC(%E5%B3%B6%E6%A0%B9%E8%81%B7%E6%A5%AD%E8%83%BD%E5%8A%9B%E9%96%8B%E7%99%BA%E4%BF%83%E9%80%B2%E3%82%BB%E3%83%B3%E3%82%BF%E3%83%BC)-1423619727', NULL, '', '', '', NULL, ''),
(1423619728, 35.4572410, 133.0635570, '', '%E9%9B%91%E8%B3%80%E5%B9%BC%E7%A8%9A%E5%9C%92-1423619728', NULL, '', '', '', NULL, ''),
(1423619772, 35.4531030, 133.0613070, '', '%E9%9D%92%E8%91%89%E4%BC%9A%E6%9D%BE%E6%B1%9F%E9%9D%92%E8%91%89%E7%97%85%E9%99%A2-1423619772', NULL, '', '', '', NULL, ''),
(1423619894, 35.4833160, 133.0484810, '', '%E9%AB%98%E9%BD%A2%E3%83%BB%E9%9A%9C%E5%AE%B3%E8%80%85%E9%9B%87%E7%94%A8%E6%94%AF%E6%8F%B4%E6%A9%9F%E6%A7%8B%E5%B3%B6%E6%A0%B9%E9%9A%9C%E5%AE%B3%E8%80%85%E8%81%B7%E6%A5%AD%E3%82%BB%E3%83%B3%E3%82%BF%E3%83%BC-1423619894', NULL, '', '', '', NULL, ''),
(1632520770, 35.4749470, 133.0663460, '', '%E3%81%97%E3%81%AE%E3%81%AE%E3%82%81%E5%AF%AE-1632520770', NULL, '', '', '', NULL, ''),
(1632520977, 35.4953470, 133.0431130, '', '%E3%81%AF%E3%81%AA%E3%81%86%E3%81%BF%E8%8B%91-1632520977', NULL, '', '', '', NULL, ''),
(1632521257, 35.4910410, 133.0093950, '', '%E3%82%84%E3%81%99%E3%82%89%E3%81%8E%E3%81%AE%E5%AE%B6-1632521257', NULL, '', '', '', NULL, ''),
(1632521258, 35.4321120, 133.0769110, '', '%E3%82%84%E3%81%99%E3%82%89%E3%81%8E%E3%81%AE%E9%87%8C-1632521258', NULL, '', '', '', NULL, ''),
(1632522067, 35.4416040, 133.0782870, '', '%E3%82%B3%E3%83%BC%E3%83%9D%E3%81%AA%E3%81%8B%E3%82%88%E3%81%97-1632522067', NULL, '', '', '', NULL, ''),
(1632522252, 35.4929870, 133.0471130, '', '%E3%82%B7%E3%83%AA%E3%82%A6%E3%82%B9%E8%8B%91-1632522252', NULL, '', '', '', NULL, ''),
(1632522667, 35.4732400, 133.0620010, '', '%E3%83%A9%E3%82%A4%E3%83%88%E3%83%8F%E3%82%A6%E3%82%B9%E3%83%A9%E3%82%A4%E3%83%96%E3%83%A9%E3%83%AA%E3%83%BC-1632522667', NULL, '', '', '', NULL, ''),
(1632522859, 35.4390480, 133.0960000, '', '%E3%83%AF%E3%83%BC%E3%82%AF%E3%82%BB%E3%83%B3%E3%82%BF%E3%83%BC%E5%B3%B6%E6%A0%B9-1632522859', NULL, '', '', '', NULL, ''),
(1632523380, 35.4660180, 133.0609180, '', '%E4%BC%8A%E5%8B%A2%E5%AE%AE%E5%85%90%E7%AB%A5%E9%81%8A%E5%9C%92-1632523380', NULL, '', '', '', NULL, ''),
(1632523986, 35.4829880, 133.0486680, '', '%E5%8E%9A%E7%94%9F%E5%B9%B4%E9%87%91%E3%83%8F%E3%83%BC%E3%83%88%E3%83%94%E3%82%A2%E6%9D%BE%E6%B1%9F-1632523986', NULL, '', '', '', NULL, ''),
(1632523992, 35.4433130, 133.0813570, '', '%E5%8F%8C%E6%A8%B9%E5%AD%A6%E9%99%A2-1632523992', NULL, '', '', '', NULL, ''),
(1632524651, 35.4899580, 133.0086730, '', '%E5%9B%9B%E3%83%84%E8%91%89%E5%9C%92%E6%8E%88%E7%94%A3%E9%83%A8-1632524651', NULL, '', '', '', NULL, ''),
(1632524652, 35.4895410, 133.0087010, '', '%E5%9B%9B%E3%83%84%E8%91%89%E5%9C%92%E6%9B%B4%E7%94%9F%E9%83%A8-1632524652', NULL, '', '', '', NULL, ''),
(1632524909, 35.4716010, 133.0574730, '', '%E5%9F%8E%E6%9D%B1%E5%85%90%E7%AB%A5%E9%81%8A%E5%9C%92-1632524909', NULL, '', '', '', NULL, ''),
(1632524922, 35.4401040, 133.0968050, '', '%E5%A4%A2%E6%A5%BD%E3%81%AE%E9%83%B7-1632524922', NULL, '', '', '', NULL, ''),
(1632525553, 35.4750170, 133.0663340, '', '%E5%B3%B6%E6%A0%B9%E3%83%A9%E3%82%A4%E3%83%88%E3%83%8F%E3%82%A6%E3%82%B9-1632525553', NULL, '', '', '', NULL, ''),
(1632525555, 35.4864050, 133.0721660, '', '%E5%B3%B6%E6%A0%B9%E6%9D%B1%E5%85%89%E5%AD%A6%E5%9C%92-1632525555', NULL, '', '', '', NULL, ''),
(1632525622, 35.4450200, 133.0686410, '', '%E5%B3%B6%E6%A0%B9%E7%9C%8C%E7%AB%8B%E5%8E%9A%E7%94%9F%E3%82%BB%E3%83%B3%E3%82%BF%E3%83%BC(%E6%99%B4%E9%9B%B2%E5%AF%AE)-1632525622', NULL, '', '', '', NULL, ''),
(1632525635, 35.4459650, 133.0661410, '', '%E5%B3%B6%E6%A0%B9%E7%9C%8C%E7%AB%8B%E5%8E%9A%E7%94%9F%E3%82%BB%E3%83%B3%E3%82%BF%E3%83%BC(%E6%9D%B1%E9%9B%B2%E5%AF%AE)-1632525635', NULL, '', '', '', NULL, ''),
(1632525645, 35.4472900, 133.0851350, '', '%E5%B3%B6%E6%A0%B9%E7%9C%8C%E7%AB%8B%E6%AF%8D%E5%AD%90%E7%A6%8F%E7%A5%89%E3%82%BB%E3%83%B3%E3%82%BF%E3%83%BC-1632525645', NULL, '', '', '', NULL, ''),
(1632525651, 35.4474810, 133.0851100, '', '%E5%B3%B6%E6%A0%B9%E7%9C%8C%E8%81%B4%E8%A6%9A%E9%9A%9C%E5%AE%B3%E8%80%85%E6%83%85%E5%A0%B1%E3%82%BB%E3%83%B3%E3%82%BF%E3%83%BC-1632525651', NULL, '', '', '', NULL, ''),
(1632525723, 35.4397150, 133.0962780, '', '%E5%B8%8C%E6%9C%9B%E3%81%AE%E5%9C%92-1632525723', NULL, '', '', '', NULL, ''),
(1632526730, 35.4652400, 133.0406420, '', '%E6%9D%BE%E6%B1%9F%E5%B8%82%E5%9C%A8%E5%AE%85%E7%A6%8F%E7%A5%89%E3%82%B5%E3%83%BC%E3%83%93%E3%82%B9%E3%82%BB%E3%83%B3%E3%82%BF%E3%83%BC-1632526730', NULL, '', '', '', NULL, ''),
(1632526741, 35.4604070, 133.0542800, '', '%E6%9D%BE%E6%B1%9F%E5%B8%82%E5%B9%B8%E7%94%BA%E5%9C%A8%E5%AE%85%E4%BB%8B%E8%AD%B7%E6%94%AF%E6%8F%B4%E3%82%BB%E3%83%B3%E3%82%BF%E3%83%BC-1632526741', NULL, '', '', '', NULL, ''),
(1632526759, 35.4888210, 133.0583060, '', '%E6%9D%BE%E6%B1%9F%E5%B8%82%E6%B3%95%E5%90%89%E5%9C%A8%E5%AE%85%E4%BB%8B%E8%AD%B7%E6%94%AF%E6%8F%B4%E3%82%BB%E3%83%B3%E3%82%BF%E3%83%BC-1632526759', NULL, '', '', '', NULL, ''),
(1632526771, 35.4527970, 133.0800280, '', '%E6%9D%BE%E6%B1%9F%E5%B8%82%E6%B4%A5%E7%94%B0%E5%9C%A8%E5%AE%85%E4%BB%8B%E8%AD%B7%E6%94%AF%E6%8F%B4%E3%82%BB%E3%83%B3%E3%82%BF%E3%83%BC-1632526771', NULL, '', '', '', NULL, ''),
(1632526774, 35.4506580, 133.0510580, '', '%E6%9D%BE%E6%B1%9F%E5%B8%82%E7%B2%BE%E7%A5%9E%E9%9A%9C%E5%AE%B3%E8%80%85%E5%9C%B0%E5%9F%9F%E7%94%9F%E6%B4%BB%E6%94%AF%E6%8F%B4%E3%82%BB%E3%83%B3%E3%82%BF%E3%83%BC%E3%82%A2%E3%82%AF%E3%83%86%E3%82%A3%E3%83%B4%E3%82%88%E3%82%81%E3%81%97%E3%81%BE-1632526774', NULL, '', '', '', NULL, ''),
(1632526788, 35.4950130, 133.0258370, '', '%E6%9D%BE%E6%B1%9F%E6%95%B4%E8%82%A2%E5%AD%A6%E5%9C%92-1632526788', NULL, '', '', '', NULL, ''),
(1632526807, 35.4941250, 133.0311420, '', '%E6%9D%BE%E6%B1%9F%E7%99%82%E8%82%B2%E5%9C%92-1632526807', NULL, '', '', '', NULL, ''),
(1632526820, 35.4372150, 133.0654470, '', '%E6%9D%BE%E6%B1%9F%E7%B7%8F%E5%90%88%E9%81%8B%E5%8B%95%E5%85%AC%E5%9C%92%E8%A5%BF%E5%85%90%E7%AB%A5%E9%81%8A%E5%9C%92-1632526820', NULL, '', '', '', NULL, ''),
(1632526829, 35.4722400, 133.0563350, '', '%E6%9D%BE%E6%B1%9F%E8%B5%A4%E5%8D%81%E5%AD%97%E4%B9%B3%E5%85%90%E9%99%A2-1632526829', NULL, '', '', '', NULL, ''),
(1632527072, 35.4467710, 133.1022490, '', '%E6%B3%89%E3%81%AE%E5%9C%92-1632527072', NULL, '', '', '', NULL, ''),
(1632527630, 35.4496030, 133.0680290, '', '%E6%B5%A9%E7%94%9F%E5%AF%AE-1632527630', NULL, '', '', '', NULL, ''),
(1632529096, 35.4399100, 133.0953050, '', '%E7%A4%BE%E4%BC%9A%E7%A6%8F%E7%A5%89%E6%B3%95%E4%BA%BA%E3%81%97%E3%82%89%E3%82%86%E3%82%8A%E4%BC%9A%E3%80%80%E8%A9%94%E5%85%89%E3%81%AE%E9%87%8C-1632529096', NULL, '', '', '', NULL, ''),
(1632529239, 35.4940700, 133.0428350, '', '%E7%A4%BE%E4%BC%9A%E7%A6%8F%E7%A5%89%E6%B3%95%E4%BA%BA%E3%81%BF%E3%81%9A%E3%81%86%E3%81%BF%E3%80%80%E3%81%86%E3%81%90%E3%81%84%E3%81%99%E8%8B%91-1632529239', NULL, '', '', '', NULL, ''),
(1632529656, 35.4409650, 133.0790840, '', '%E7%A4%BE%E4%BC%9A%E7%A6%8F%E7%A5%89%E6%B3%95%E4%BA%BA%E4%B8%8A%E5%8F%A3%E7%A6%8F%E7%A5%89%E4%BC%9A%E3%80%80%E3%82%B3%E3%83%BC%E3%83%9D%E4%B8%8A%E5%8F%A3-1632529656', NULL, '', '', '', NULL, ''),
(1632530382, 35.4452420, 133.0688070, '', '%E7%A4%BE%E4%BC%9A%E7%A6%8F%E7%A5%89%E6%B3%95%E4%BA%BA%E5%B3%B6%E6%A0%B9%E7%9C%8C%E7%A4%BE%E4%BC%9A%E7%A6%8F%E7%A5%89%E4%BA%8B%E6%A5%AD%E5%9B%A3%E5%8E%9A%E7%94%9F%E3%82%BB%E3%83%B3%E3%82%BF%E3%83%BC%E5%85%AB%E9%9B%B2%E5%AF%AE-1632530382', NULL, '', '', '', NULL, ''),
(1632531179, 35.4332580, 133.0601730, '', '%E7%A4%BE%E4%BC%9A%E7%A6%8F%E7%A5%89%E6%B3%95%E4%BA%BA%E6%9D%BE%E6%B1%9F%E7%A6%8F%E7%A5%89%E5%85%AC%E7%A4%BE%E3%80%80%E9%95%B7%E5%91%BD%E5%9C%92-1632531179', NULL, '', '', '', NULL, ''),
(1632532179, 35.4518530, 133.0695850, '', '%E7%BE%8E%E6%9C%88%E6%9D%B1%E5%85%90%E7%AB%A5%E9%81%8A%E5%9C%92-1632532179', NULL, '', '', '', NULL, ''),
(1632532438, 35.4769890, 133.0475300, '', '%E8%8B%A5%E8%8D%89%E5%9C%92-1632532438', NULL, '', '', '', NULL, ''),
(1632533116, 35.4653510, 133.0410030, '', '%E8%B2%A1%E5%9B%A3%E6%B3%95%E4%BA%BA%E6%9D%BE%E6%B1%9F%E5%B8%82%E7%A6%8F%E7%A5%89%E4%BA%8B%E6%A5%AD%E5%9B%A3%E6%9D%BE%E6%B1%9F%E5%B8%82%E7%B7%8F%E5%90%88%E7%A6%8F%E7%A5%89%E3%82%BB%E3%83%B3%E3%82%BF%E3%83%BC-1632533116', NULL, '', '', '', NULL, ''),
(1685755457, 35.4938876, 133.0761484, '', '%E3%82%84%E3%82%88%E3%81%84%E5%B7%9D%E6%B4%A5-1685755457', NULL, '', '', '', NULL, ''),
(1707614314, 35.4926916, 133.0752043, '', '%E6%8C%81%E7%94%B0%E7%B0%A1%E6%98%93%E9%83%B5%E4%BE%BF%E5%B1%80-1707614314', NULL, '', '', '', NULL, ''),
(1707620083, 35.4931148, 133.0753382, '', '%E5%85%A5%E6%B1%9F%E5%86%85%E7%A7%91-1707620083', NULL, '', '', '', NULL, ''),
(1707628105, 35.4933424, 133.0752419, '', '%E3%82%B0%E3%83%AA%E3%83%BC%E3%83%B3%E8%AA%BF%E5%89%A4%E8%96%AC%E5%B1%80%E8%A5%BF%E5%B7%9D%E6%B4%A5%E5%BA%97-1707628105', NULL, '', '', '', NULL, ''),
(1707634234, 35.4943513, 133.0743995, '', '%E7%94%B0%E4%B8%AD%E6%AD%AF%E7%A7%91-1707634234', NULL, '', '', '', NULL, ''),
(1735961887, 35.4681150, 133.0487680, '', '%E6%9D%BE%E6%B1%9F%E5%B8%82-(matsue)-1735961887', NULL, '', '', '', NULL, ''),
(1898164889, 35.4385394, 133.0555333, '', '%E6%9D%BE%E6%B1%9F%E5%B8%82%E7%AB%8B%E7%97%85%E9%99%A2-1898164889', NULL, '', '', '', NULL, ''),
(1955926485, 35.4406916, 133.0914130, '', '%E3%83%AD%E3%83%BC%E3%82%BD%E3%83%B3%E6%B9%96%E6%9D%B1%E4%B8%AD%E5%89%8D%E5%BA%97-1955926485', NULL, '', '', '', NULL, ''),
(1955927820, 35.4415661, 133.0944889, '', '%E3%82%BB%E3%83%AB%E3%83%95%E3%82%B9%E3%83%86%E3%83%BC%E3%82%B7%E3%83%A7%E3%83%B3%E3%82%B5%E3%83%B3%E3%82%B3%E3%83%BC-1955927820', NULL, '', '', '', NULL, ''),
(1955928225, 35.4376894, 133.0873221, '', '%E3%82%B8%E3%83%A5%E3%83%B3%E3%83%86%E3%83%B3%E3%83%89%E3%83%BC%E5%B1%B1%E4%BB%A3%E5%BA%97-1955928225', NULL, '', '', '', NULL, ''),
(1985941782, 35.4639657, 133.0622134, '', '%E6%9D%BE%E6%B1%9F%E3%82%AA%E3%83%BC%E3%83%97%E3%83%B3%E3%82%BD%E3%83%BC%E3%82%B9%E3%83%A9%E3%83%9C-1985941782', NULL, '', '', '', NULL, ''),
(2164634232, 35.4678660, 133.0458686, '', '%E5%B1%B1%E9%99%B0%E5%90%88%E5%90%8C%E9%8A%80%E8%A1%8C%E3%83%BB%E5%8C%97%E6%94%AF%E5%BA%97-2164634232', NULL, '', '', '', NULL, ''),
(2164655980, 35.4667802, 133.0468850, '', '%E3%83%9B%E3%83%86%E3%83%AB%E7%99%BD%E9%B3%A5-2164655980', NULL, '', '', '', NULL, '');

--
-- Dumping data for table `wp_geo_mashup_location_relationships`
--

INSERT INTO `wp_geo_mashup_location_relationships` (`object_name`, `object_id`, `location_id`, `geo_date`) VALUES
('post', 257523578, 257523578, '2010-08-22 18:26:35 '),
('post', 265970368, 265970368, '2012-11-10 12:41:58 '),
('post', 265970626, 265970626, '2012-11-10 12:42:15 '),
('post', 265971754, 265971754, '2012-11-10 12:42:20 '),
('post', 299002445, 299002445, '2012-09-15 07:59:28 '),
('post', 335654738, 335654738, '2012-11-10 12:42:15 '),
('post', 335654931, 335654931, '2012-11-10 12:42:15 '),
('post', 874309680, 874309680, '2010-08-22 18:26:06 '),
('post', 1006278149, 1006278149, '2012-10-27 18:26:59 '),
('post', 1009513807, 1009513807, '2010-11-28 00:27:45 '),
('post', 1009513814, 1009513814, '2010-11-29 06:50:08 '),
('post', 1011980184, 1011980184, '2010-11-29 03:49:34 '),
('post', 1011980186, 1011980186, '2010-11-29 03:49:34 '),
('post', 1011980187, 1011980187, '2010-11-29 03:49:35 '),
('post', 1012028275, 1012028275, '2010-11-29 06:05:59 '),
('post', 1012042833, 1012042833, '2010-11-29 06:50:08 '),
('post', 1012042834, 1012042834, '2012-10-27 18:26:59 '),
('post', 1012043015, 1012043015, '2012-09-15 07:59:28 '),
('post', 1022974862, 1022974862, '2010-12-05 16:16:21 '),
('post', 1022975588, 1022975588, '2010-12-05 16:16:44 '),
('post', 1423607996, 1423607996, '2011-09-05 03:02:01 '),
('post', 1423608016, 1423608016, '2011-09-05 03:02:05 '),
('post', 1423608017, 1423608017, '2011-09-05 03:02:05 '),
('post', 1423608018, 1423608018, '2011-09-05 03:02:05 '),
('post', 1423608022, 1423608022, '2011-09-05 03:02:06 '),
('post', 1423608037, 1423608037, '2011-09-05 03:02:09 '),
('post', 1423608049, 1423608049, '2011-09-05 03:02:11 '),
('post', 1423608080, 1423608080, '2011-09-05 03:02:16 '),
('post', 1423608099, 1423608099, '2011-09-05 03:02:20 '),
('post', 1423608102, 1423608102, '2011-09-05 03:02:20 '),
('post', 1423608108, 1423608108, '2011-09-05 03:02:21 '),
('post', 1423608261, 1423608261, '2011-09-05 03:02:48 '),
('post', 1423608385, 1423608385, '2011-09-05 03:03:09 '),
('post', 1423608393, 1423608393, '2011-09-05 03:03:10 '),
('post', 1423608396, 1423608396, '2011-09-05 03:03:11 '),
('post', 1423608415, 1423608415, '2011-09-05 03:03:14 '),
('post', 1423608426, 1423608426, '2011-09-05 03:03:16 '),
('post', 1423608433, 1423608433, '2011-09-05 03:03:17 '),
('post', 1423608437, 1423608437, '2011-09-05 03:03:18 '),
('post', 1423608468, 1423608468, '2011-09-05 03:03:23 '),
('post', 1423608636, 1423608636, '2011-09-05 03:03:47 '),
('post', 1423609114, 1423609114, '2011-09-05 03:04:49 '),
('post', 1423609240, 1423609240, '2011-09-05 03:05:11 '),
('post', 1423609345, 1423609345, '2011-09-05 03:05:25 '),
('post', 1423609346, 1423609346, '2011-09-05 03:05:25 '),
('post', 1423609453, 1423609453, '2011-09-05 03:05:42 '),
('post', 1423609469, 1423609469, '2011-09-05 03:05:45 '),
('post', 1423609478, 1423609478, '2011-09-05 03:05:47 '),
('post', 1423609479, 1423609479, '2011-09-05 03:05:47 '),
('post', 1423609483, 1423609483, '2011-09-05 03:05:47 '),
('post', 1423609527, 1423609527, '2011-09-05 03:05:56 '),
('post', 1423609533, 1423609533, '2011-09-05 03:05:57 '),
('post', 1423609535, 1423609535, '2011-09-05 03:05:57 '),
('post', 1423609606, 1423609606, '2011-09-05 03:06:09 '),
('post', 1423609690, 1423609690, '2011-09-05 03:06:23 '),
('post', 1423609855, 1423609855, '2011-09-05 03:06:49 '),
('post', 1423611456, 1423611456, '2011-09-05 03:08:05 '),
('post', 1423611462, 1423611462, '2011-09-05 03:08:05 '),
('post', 1423611507, 1423611507, '2011-09-05 03:08:07 '),
('post', 1423611543, 1423611543, '2011-09-05 03:08:08 '),
('post', 1423611548, 1423611548, '2011-09-05 03:08:08 '),
('post', 1423611583, 1423611583, '2011-09-05 03:08:09 '),
('post', 1423611624, 1423611624, '2011-09-05 03:08:11 '),
('post', 1423611717, 1423611717, '2011-09-05 03:08:14 '),
('post', 1423611735, 1423611735, '2011-09-05 03:08:15 '),
('post', 1423611753, 1423611753, '2011-09-05 03:08:16 '),
('post', 1423611787, 1423611787, '2011-09-05 03:08:17 '),
('post', 1423611846, 1423611846, '2011-09-05 03:08:19 '),
('post', 1423611847, 1423611847, '2011-09-05 03:08:19 '),
('post', 1423611915, 1423611915, '2011-09-05 03:08:22 '),
('post', 1423611936, 1423611936, '2011-09-05 03:08:23 '),
('post', 1423612241, 1423612241, '2011-09-05 03:08:32 '),
('post', 1423612442, 1423612442, '2011-09-05 03:08:41 '),
('post', 1423612499, 1423612499, '2011-09-05 03:08:43 '),
('post', 1423612803, 1423612803, '2011-09-05 03:08:55 '),
('post', 1423612988, 1423612988, '2011-09-05 03:09:02 '),
('post', 1423613149, 1423613149, '2011-09-05 03:09:08 '),
('post', 1423613265, 1423613265, '2011-09-05 03:09:12 '),
('post', 1423613594, 1423613594, '2011-09-05 03:09:24 '),
('post', 1423614050, 1423614050, '2011-09-05 03:09:41 '),
('post', 1423614253, 1423614253, '2011-09-05 03:09:48 '),
('post', 1423614336, 1423614336, '2011-09-05 03:09:51 '),
('post', 1423614375, 1423614375, '2011-09-05 03:09:53 '),
('post', 1423614463, 1423614463, '2011-09-05 03:09:56 '),
('post', 1423614467, 1423614467, '2011-09-05 03:09:56 '),
('post', 1423614693, 1423614693, '2011-09-05 03:10:04 '),
('post', 1423615001, 1423615001, '2011-09-05 03:10:17 '),
('post', 1423615022, 1423615022, '2011-09-05 03:10:18 '),
('post', 1423615044, 1423615044, '2011-09-05 03:10:19 '),
('post', 1423615067, 1423615067, '2011-09-05 03:10:20 '),
('post', 1423615339, 1423615339, '2011-09-05 03:10:51 '),
('post', 1423615430, 1423615430, '2011-09-05 03:11:02 '),
('post', 1423615494, 1423615494, '2011-09-05 03:11:12 '),
('post', 1423615520, 1423615520, '2011-09-05 03:11:16 '),
('post', 1423615522, 1423615522, '2011-09-05 03:11:16 '),
('post', 1423615603, 1423615603, '2011-09-05 03:11:29 '),
('post', 1423615646, 1423615646, '2011-09-05 03:11:37 '),
('post', 1423615735, 1423615735, '2011-09-05 03:11:55 '),
('post', 1423615744, 1423615744, '2011-09-05 03:11:56 '),
('post', 1423615749, 1423615749, '2011-09-05 03:11:57 '),
('post', 1423615751, 1423615751, '2011-09-05 03:11:57 '),
('post', 1423615755, 1423615755, '2011-09-05 03:11:58 '),
('post', 1423615815, 1423615815, '2011-09-05 03:12:10 '),
('post', 1423615861, 1423615861, '2011-09-05 03:12:14 '),
('post', 1423615891, 1423615891, '2011-09-05 03:12:17 '),
('post', 1423615948, 1423615948, '2012-02-12 13:42:51 '),
('post', 1423615955, 1423615955, '2011-09-05 03:12:28 '),
('post', 1423615993, 1423615993, '2011-09-05 03:12:30 '),
('post', 1423616006, 1423616006, '2011-09-05 03:12:31 '),
('post', 1423616025, 1423616025, '2011-09-05 03:12:31 '),
('post', 1423616029, 1423616029, '2011-09-05 03:12:32 '),
('post', 1423616035, 1423616035, '2011-09-05 03:12:32 '),
('post', 1423616037, 1423616037, '2011-09-05 03:12:32 '),
('post', 1423616038, 1423616038, '2011-09-05 03:12:32 '),
('post', 1423616041, 1423616041, '2011-09-05 03:12:33 '),
('post', 1423616043, 1423616043, '2011-09-05 03:12:33 '),
('post', 1423616044, 1423616044, '2011-09-05 03:12:34 '),
('post', 1423616045, 1423616045, '2011-09-05 03:12:34 '),
('post', 1423616084, 1423616084, '2011-09-05 03:12:41 '),
('post', 1423616085, 1423616085, '2011-09-05 03:12:41 '),
('post', 1423616086, 1423616086, '2011-09-05 03:12:41 '),
('post', 1423616087, 1423616087, '2011-09-05 03:12:41 '),
('post', 1423616089, 1423616089, '2011-09-05 03:12:41 '),
('post', 1423616098, 1423616098, '2011-09-05 03:12:43 '),
('post', 1423616099, 1423616099, '2011-09-05 03:12:43 '),
('post', 1423616103, 1423616103, '2011-09-05 03:12:43 '),
('post', 1423616109, 1423616109, '2011-09-05 03:12:44 '),
('post', 1423616113, 1423616113, '2011-09-05 03:12:45 '),
('post', 1423616118, 1423616118, '2011-09-05 03:12:46 '),
('post', 1423616124, 1423616124, '2011-09-05 03:12:47 '),
('post', 1423616125, 1423616125, '2011-09-05 03:12:47 '),
('post', 1423616129, 1423616129, '2011-09-05 03:12:48 '),
('post', 1423616130, 1423616130, '2011-09-05 03:12:48 '),
('post', 1423616131, 1423616131, '2011-09-05 03:12:48 '),
('post', 1423616132, 1423616132, '2011-09-05 03:12:48 '),
('post', 1423616133, 1423616133, '2011-09-05 03:12:48 '),
('post', 1423616134, 1423616134, '2011-09-05 03:12:48 '),
('post', 1423616135, 1423616135, '2011-09-05 03:12:49 '),
('post', 1423616136, 1423616136, '2011-09-05 03:12:49 '),
('post', 1423616137, 1423616137, '2011-09-05 03:12:49 '),
('post', 1423616138, 1423616138, '2011-09-05 03:12:49 '),
('post', 1423616140, 1423616140, '2011-09-05 03:12:49 '),
('post', 1423616141, 1423616141, '2011-09-05 03:12:50 '),
('post', 1423616142, 1423616142, '2011-09-05 03:12:50 '),
('post', 1423616143, 1423616143, '2011-09-05 03:12:50 '),
('post', 1423616144, 1423616144, '2011-09-05 03:12:50 '),
('post', 1423616146, 1423616146, '2011-09-05 03:12:51 '),
('post', 1423616147, 1423616147, '2011-09-05 03:12:51 '),
('post', 1423616148, 1423616148, '2011-09-05 03:12:51 '),
('post', 1423616149, 1423616149, '2011-09-05 03:12:51 '),
('post', 1423616151, 1423616151, '2011-09-05 03:12:51 '),
('post', 1423616152, 1423616152, '2011-09-05 03:12:52 '),
('post', 1423616153, 1423616153, '2011-09-05 03:12:52 '),
('post', 1423616155, 1423616155, '2011-09-05 03:12:52 '),
('post', 1423616159, 1423616159, '2011-09-05 03:12:53 '),
('post', 1423616161, 1423616161, '2011-09-05 03:12:53 '),
('post', 1423616165, 1423616165, '2011-09-05 03:12:54 '),
('post', 1423616169, 1423616169, '2011-09-05 03:12:54 '),
('post', 1423616172, 1423616172, '2012-10-27 18:26:59 '),
('post', 1423616174, 1423616174, '2011-09-05 03:12:55 '),
('post', 1423616175, 1423616175, '2011-09-05 03:12:55 '),
('post', 1423616183, 1423616183, '2011-09-05 03:12:57 '),
('post', 1423616185, 1423616185, '2011-09-05 03:12:57 '),
('post', 1423616425, 1423616425, '2011-09-05 03:13:11 '),
('post', 1423616447, 1423616447, '2011-09-05 03:13:12 '),
('post', 1423616453, 1423616453, '2011-09-05 03:13:12 '),
('post', 1423616644, 1423616644, '2011-09-05 03:13:32 '),
('post', 1423616800, 1423616800, '2011-09-05 03:13:59 '),
('post', 1423616929, 1423616929, '2011-09-05 03:14:24 '),
('post', 1423617055, 1423617055, '2011-09-05 03:14:46 '),
('post', 1423617181, 1423617181, '2011-09-05 03:14:57 '),
('post', 1423617253, 1423617253, '2011-09-05 03:15:00 '),
('post', 1423618030, 1423618030, '2011-09-05 03:15:34 '),
('post', 1423618098, 1423618098, '2011-09-05 03:15:45 '),
('post', 1423618213, 1423618213, '2011-09-05 03:15:55 '),
('post', 1423618214, 1423618214, '2011-09-05 03:15:56 '),
('post', 1423618216, 1423618216, '2011-09-05 03:15:56 '),
('post', 1423618217, 1423618217, '2011-09-05 03:15:56 '),
('post', 1423618218, 1423618218, '2011-09-05 03:15:56 '),
('post', 1423618219, 1423618219, '2011-09-05 03:15:57 '),
('post', 1423618784, 1423618784, '2011-09-05 03:17:13 '),
('post', 1423618786, 1423618786, '2011-09-05 03:17:13 '),
('post', 1423618795, 1423618795, '2011-09-05 03:17:15 '),
('post', 1423618929, 1423618929, '2011-09-05 03:17:38 '),
('post', 1423618970, 1423618970, '2011-09-05 03:17:45 '),
('post', 1423618971, 1423618971, '2011-09-05 03:17:46 '),
('post', 1423619084, 1423619084, '2011-09-05 03:18:05 '),
('post', 1423619085, 1423619085, '2011-09-05 03:18:05 '),
('post', 1423619222, 1423619222, '2011-09-05 03:18:25 '),
('post', 1423619241, 1423619241, '2011-09-05 03:18:26 '),
('post', 1423619400, 1423619400, '2011-09-05 03:18:53 '),
('post', 1423619727, 1423619727, '2011-09-05 03:19:25 '),
('post', 1423619728, 1423619728, '2011-09-05 03:19:25 '),
('post', 1423619772, 1423619772, '2011-09-05 03:19:33 '),
('post', 1423619894, 1423619894, '2011-09-05 03:19:54 '),
('post', 1632520770, 1632520770, '2012-02-14 10:45:43 '),
('post', 1632520977, 1632520977, '2012-02-14 10:45:59 '),
('post', 1632521257, 1632521257, '2012-02-14 10:46:27 '),
('post', 1632521258, 1632521258, '2012-02-14 10:46:27 '),
('post', 1632522067, 1632522067, '2012-02-14 10:47:29 '),
('post', 1632522252, 1632522252, '2012-02-14 10:47:48 '),
('post', 1632522667, 1632522667, '2012-02-14 10:48:07 '),
('post', 1632522859, 1632522859, '2012-02-14 10:48:16 '),
('post', 1632523380, 1632523380, '2012-02-14 10:49:05 '),
('post', 1632523986, 1632523986, '2012-02-14 10:50:09 '),
('post', 1632523992, 1632523992, '2012-02-14 10:50:11 '),
('post', 1632524651, 1632524651, '2012-02-14 10:50:46 '),
('post', 1632524652, 1632524652, '2012-02-14 10:50:47 '),
('post', 1632524909, 1632524909, '2012-02-14 10:51:26 '),
('post', 1632524922, 1632524922, '2012-02-14 10:51:30 '),
('post', 1632525553, 1632525553, '2012-02-14 10:52:57 '),
('post', 1632525555, 1632525555, '2012-02-14 10:52:57 '),
('post', 1632525622, 1632525622, '2012-02-14 10:53:01 '),
('post', 1632525635, 1632525635, '2012-02-14 10:53:01 '),
('post', 1632525645, 1632525645, '2012-02-14 10:53:02 '),
('post', 1632525651, 1632525651, '2012-02-14 10:53:03 '),
('post', 1632525723, 1632525723, '2012-02-14 10:53:07 '),
('post', 1632526730, 1632526730, '2012-02-14 10:54:48 '),
('post', 1632526741, 1632526741, '2012-02-14 10:54:49 '),
('post', 1632526759, 1632526759, '2012-02-14 10:54:51 '),
('post', 1632526771, 1632526771, '2012-02-14 10:54:51 '),
('post', 1632526774, 1632526774, '2012-02-14 10:54:52 '),
('post', 1632526788, 1632526788, '2012-02-14 10:54:53 '),
('post', 1632526807, 1632526807, '2012-02-14 10:54:54 '),
('post', 1632526820, 1632526820, '2012-02-14 10:54:55 '),
('post', 1632526829, 1632526829, '2012-02-14 10:54:55 '),
('post', 1632527072, 1632527072, '2012-02-14 10:55:19 '),
('post', 1632527630, 1632527630, '2012-02-14 10:55:44 '),
('post', 1632529096, 1632529096, '2012-02-14 10:56:42 '),
('post', 1632529239, 1632529239, '2012-02-14 10:56:49 '),
('post', 1632529656, 1632529656, '2012-02-14 10:56:58 '),
('post', 1632530382, 1632530382, '2012-02-14 10:57:33 '),
('post', 1632531179, 1632531179, '2012-02-14 10:58:25 '),
('post', 1632532179, 1632532179, '2012-02-14 11:00:01 '),
('post', 1632532438, 1632532438, '2012-02-14 11:00:17 '),
('post', 1632533116, 1632533116, '2012-02-14 11:00:47 '),
('post', 1685755457, 1685755457, '2012-03-22 10:44:04 '),
('post', 1707614314, 1707614314, '2012-04-08 20:04:49 '),
('post', 1707620083, 1707620083, '2012-04-08 20:17:50 '),
('post', 1707628105, 1707628105, '2012-04-08 20:17:50 '),
('post', 1707634234, 1707634234, '2012-04-08 20:25:37 '),
('post', 1735961887, 1735961887, '2012-04-30 02:47:20 '),
('post', 1898164889, 1898164889, '2012-09-04 12:08:38 '),
('post', 1955926485, 1955926485, '2012-10-10 00:44:02 '),
('post', 1955927820, 1955927820, '2012-10-10 00:48:01 '),
('post', 1955928225, 1955928225, '2012-10-10 00:50:15 '),
('post', 1985941782, 1985941782, '2012-10-27 18:26:58 '),
('post', 2164634232, 2164634232, '2013-02-20 23:55:09 '),
('post', 2164655980, 2164655980, '2013-02-21 00:04:56 ');

--
-- Dumping data for table `wp_term_relationships`
--

INSERT INTO `wp_term_relationships` (`object_id`, `term_taxonomy_id`, `term_order`) VALUES
(257523578, 1, 0),
(265970368, 1, 0),
(265970626, 1, 0),
(265971754, 1, 0),
(299002445, 1, 0),
(335654738, 1, 0),
(335654931, 1, 0),
(874309680, 1, 0),
(1006278149, 3, 0),
(1009513807, 1, 0),
(1009513814, 1, 0),
(1011980184, 1, 0),
(1011980186, 1, 0),
(1011980187, 4, 0),
(1012028275, 1, 0),
(1012042833, 4, 0),
(1012042834, 1, 0),
(1012043015, 1, 0),
(1022974862, 4, 0),
(1022975588, 4, 0),
(1423607996, 4, 0),
(1423608016, 4, 0),
(1423608017, 4, 0),
(1423608018, 4, 0),
(1423608022, 4, 0),
(1423608037, 4, 0),
(1423608049, 4, 0),
(1423608080, 4, 0),
(1423608099, 4, 0),
(1423608102, 4, 0),
(1423608108, 4, 0),
(1423608261, 1, 0),
(1423608385, 4, 0),
(1423608393, 4, 0),
(1423608396, 4, 0),
(1423608415, 4, 0),
(1423608426, 4, 0),
(1423608433, 4, 0),
(1423608437, 4, 0),
(1423608468, 4, 0),
(1423608636, 4, 0),
(1423609114, 4, 0),
(1423609240, 4, 0),
(1423609345, 4, 0),
(1423609346, 4, 0),
(1423609453, 4, 0),
(1423609469, 4, 0),
(1423609478, 4, 0),
(1423609479, 4, 0),
(1423609483, 4, 0),
(1423609527, 4, 0),
(1423609533, 4, 0),
(1423609535, 4, 0),
(1423609606, 4, 0),
(1423609690, 4, 0),
(1423609855, 1, 0),
(1423611456, 4, 0),
(1423611462, 4, 0),
(1423611507, 4, 0),
(1423611543, 4, 0),
(1423611548, 4, 0),
(1423611583, 4, 0),
(1423611624, 4, 0),
(1423611717, 1, 0),
(1423611735, 4, 0),
(1423611753, 4, 0),
(1423611787, 1, 0),
(1423611846, 4, 0),
(1423611847, 4, 0),
(1423611915, 4, 0),
(1423611936, 4, 0),
(1423612241, 4, 0),
(1423612442, 4, 0),
(1423612499, 4, 0),
(1423612803, 4, 0),
(1423612988, 4, 0),
(1423613149, 4, 0),
(1423613265, 4, 0),
(1423613594, 4, 0),
(1423614050, 4, 0),
(1423614253, 4, 0),
(1423614336, 4, 0),
(1423614375, 4, 0),
(1423614463, 4, 0),
(1423614467, 4, 0),
(1423614693, 4, 0),
(1423615001, 4, 0),
(1423615022, 4, 0),
(1423615044, 4, 0),
(1423615067, 4, 0),
(1423615339, 4, 0),
(1423615430, 4, 0),
(1423615494, 4, 0),
(1423615520, 4, 0),
(1423615522, 4, 0),
(1423615603, 4, 0),
(1423615646, 4, 0),
(1423615735, 4, 0),
(1423615744, 4, 0),
(1423615749, 4, 0),
(1423615751, 4, 0),
(1423615755, 4, 0),
(1423615815, 1, 0),
(1423615861, 4, 0),
(1423615891, 4, 0),
(1423615948, 4, 0),
(1423615955, 4, 0),
(1423615993, 4, 0),
(1423616006, 4, 0),
(1423616025, 4, 0),
(1423616029, 4, 0),
(1423616035, 4, 0),
(1423616037, 4, 0),
(1423616038, 4, 0),
(1423616041, 4, 0),
(1423616043, 4, 0),
(1423616044, 4, 0),
(1423616045, 4, 0),
(1423616084, 1, 0),
(1423616085, 4, 0),
(1423616086, 4, 0),
(1423616087, 4, 0),
(1423616089, 4, 0),
(1423616098, 4, 0),
(1423616099, 4, 0),
(1423616103, 4, 0),
(1423616109, 4, 0),
(1423616113, 4, 0),
(1423616118, 4, 0),
(1423616124, 4, 0),
(1423616125, 4, 0),
(1423616129, 4, 0),
(1423616130, 4, 0),
(1423616131, 4, 0),
(1423616132, 4, 0),
(1423616133, 4, 0),
(1423616134, 4, 0),
(1423616135, 4, 0),
(1423616136, 4, 0),
(1423616137, 4, 0),
(1423616138, 4, 0),
(1423616140, 4, 0),
(1423616141, 4, 0),
(1423616142, 4, 0),
(1423616143, 4, 0),
(1423616144, 4, 0),
(1423616146, 4, 0),
(1423616147, 4, 0),
(1423616148, 4, 0),
(1423616149, 4, 0),
(1423616151, 4, 0),
(1423616152, 4, 0),
(1423616153, 4, 0),
(1423616155, 4, 0),
(1423616159, 4, 0),
(1423616161, 4, 0),
(1423616165, 4, 0),
(1423616169, 4, 0),
(1423616172, 4, 0),
(1423616174, 4, 0),
(1423616175, 4, 0),
(1423616183, 4, 0),
(1423616185, 4, 0),
(1423616425, 1, 0),
(1423616447, 4, 0),
(1423616453, 4, 0),
(1423616644, 4, 0),
(1423616800, 4, 0),
(1423616929, 4, 0),
(1423617055, 4, 0),
(1423617181, 4, 0),
(1423617253, 1, 0),
(1423618030, 4, 0),
(1423618098, 4, 0),
(1423618213, 4, 0),
(1423618214, 4, 0),
(1423618216, 4, 0),
(1423618217, 4, 0),
(1423618218, 4, 0),
(1423618219, 4, 0),
(1423618784, 4, 0),
(1423618786, 4, 0),
(1423618795, 4, 0),
(1423618929, 4, 0),
(1423618970, 4, 0),
(1423618971, 4, 0),
(1423619084, 4, 0),
(1423619085, 4, 0),
(1423619222, 4, 0),
(1423619241, 4, 0),
(1423619400, 4, 0),
(1423619727, 4, 0),
(1423619728, 4, 0),
(1423619772, 4, 0),
(1423619894, 4, 0),
(1632520770, 4, 0),
(1632520977, 4, 0),
(1632521257, 4, 0),
(1632521258, 4, 0),
(1632522067, 4, 0),
(1632522252, 4, 0),
(1632522667, 4, 0),
(1632522859, 4, 0),
(1632523380, 4, 0),
(1632523986, 4, 0),
(1632523992, 4, 0),
(1632524651, 4, 0),
(1632524652, 4, 0),
(1632524909, 4, 0),
(1632524922, 4, 0),
(1632525553, 4, 0),
(1632525555, 4, 0),
(1632525622, 4, 0),
(1632525635, 4, 0),
(1632525645, 4, 0),
(1632525651, 4, 0),
(1632525723, 4, 0),
(1632526730, 4, 0),
(1632526741, 4, 0),
(1632526759, 4, 0),
(1632526771, 4, 0),
(1632526774, 4, 0),
(1632526788, 4, 0),
(1632526807, 4, 0),
(1632526820, 4, 0),
(1632526829, 4, 0),
(1632527072, 4, 0),
(1632527630, 4, 0),
(1632529096, 4, 0),
(1632529239, 4, 0),
(1632529656, 4, 0),
(1632530382, 4, 0),
(1632531179, 4, 0),
(1632532179, 4, 0),
(1632532438, 4, 0),
(1632533116, 4, 0),
(1685755457, 3, 0),
(1707614314, 4, 0),
(1707620083, 4, 0),
(1707628105, 4, 0),
(1707634234, 4, 0),
(1735961887, 1, 0),
(1898164889, 4, 0),
(1955926485, 3, 0),
(1955927820, 4, 0),
(1955928225, 3, 0),
(1985941782, 4, 0),
(2164634232, 4, 0),
(2164655980, 1, 0);

--
-- Dumping data for table `wp_term_taxonomy`
--

INSERT INTO `wp_term_taxonomy` (`term_taxonomy_id`, `term_id`, `taxonomy`, `description`, `parent`, `count`) VALUES
(3,3,'category','shop',0,5),
(4,4,'category','amenity',0,272);

/*!40101 SET CHARACTER_SET_CLIENT=@OLD_CHARACTER_SET_CLIENT */;
/*!40101 SET CHARACTER_SET_RESULTS=@OLD_CHARACTER_SET_RESULTS */;
/*!40101 SET COLLATION_CONNECTION=@OLD_COLLATION_CONNECTION */;
